"hs_pc_tas_code","sitc_rev_3_sita_code","product_description_hs","product_description_sitc","rootproduct_hs","rootproduct_sitc","product_fraction","value_fraction","wf_type","world_grazing","world_mixed","world_industrial","world_wgt_avg","country_grazing","country_mixed","country_industrial","country_wgt_avg"
"010111","00151","Horses, live pure-bred breeding","Horses","010111","00151",1,1,"Green",40316.9343378169,34717.2945251717,33336.7222165936,37179.1515712879,0,30081.6171156487,0,30081.6171156487
"010111","00151","Horses, live pure-bred breeding","Horses","010111","00151",1,1,"Blue",1469.94896120251,3534.12893198313,2182.58891293015,2461.90724859591,0,597.957424424156,0,597.957424424156
"010111","00151","Horses, live pure-bred breeding","Horses","010111","00151",1,1,"Grey",675.138510606094,1179.42703791874,1468.60020861898,970.931684496167,0,1030.28426631234,0,1030.28426631234
"010119","00151a","Horses, live except pure-bred breeding","Horses","010111","00151",1,1,"Green",40316.9343378169,34717.2945251717,33336.7222165936,37179.1515712879,0,30081.6171156487,0,30081.6171156487
"010119","00151a","Horses, live except pure-bred breeding","Horses","010111","00151",1,1,"Blue",1469.94896120251,3534.12893198313,2182.58891293015,2461.90724859591,0,597.957424424156,0,597.957424424156
"010119","00151a","Horses, live except pure-bred breeding","Horses","010111","00151",1,1,"Grey",675.138510606094,1179.42703791874,1468.60020861898,970.931684496167,0,1030.28426631234,0,1030.28426631234
"010120","00152","Asses, mules and hinnies, live","Asses, mules, hinnies","010111","00151",1,1,"Green",40316.9343378169,34717.2945251717,33336.7222165936,37179.1515712879,0,30081.6171156487,0,30081.6171156487
"010120","00152","Asses, mules and hinnies, live","Asses, mules, hinnies","010111","00151",1,1,"Blue",1469.94896120251,3534.12893198313,2182.58891293015,2461.90724859591,0,597.957424424156,0,597.957424424156
"010120","00152","Asses, mules and hinnies, live","Asses, mules, hinnies","010111","00151",1,1,"Grey",675.138510606094,1179.42703791874,1468.60020861898,970.931684496167,0,1030.28426631234,0,1030.28426631234
"010210","00111","Bovine, live pure-bred breeding","Bov.animals,pure,breedng","010210","00111",1,1,"Green",9197.0495273691,7347.62132953925,4173.9108415051,7002.05553655314,9015.03500700437,7722.32707195688,4659.90891332073,7509.54645677066
"010210","00111","Bovine, live pure-bred breeding","Bov.animals,pure,breedng","010210","00111",1,1,"Blue",192.319803574542,240.537831970599,311.264148499573,255.886951019004,204.114430415153,241.753325285718,186.782848810297,216.74686244886
"010210","00111","Bovine, live pure-bred breeding","Bov.animals,pure,breedng","010210","00111",1,1,"Grey",105.717620481072,199.232716840604,335.813472769471,219.033803213564,259.999608800466,282.297968366295,223.703576295685,256.858192729824
"010290","00119","Bovine, live except pure-bred breeding","Other bovine animals","010210","00111",1,1,"Green",9197.0495273691,7347.62132953925,4173.9108415051,7002.05553655314,9015.03500700437,7722.32707195688,4659.90891332073,7509.54645677066
"010290","00119","Bovine, live except pure-bred breeding","Other bovine animals","010210","00111",1,1,"Blue",192.319803574542,240.537831970599,311.264148499573,255.886951019004,204.114430415153,241.753325285718,186.782848810297,216.74686244886
"010290","00119","Bovine, live except pure-bred breeding","Other bovine animals","010210","00111",1,1,"Grey",105.717620481072,199.232716840604,335.813472769471,219.033803213564,259.999608800466,282.297968366295,223.703576295685,256.858192729824
"010310","00131","Swine, live pure-bred breeding","Swine,pure,for breeding","010310","00131",1,1,"Green",5037.10420709543,3353.39163476424,2588.68322956513,3155.15383572689,3667.47462598764,2403.3558839548,1634.88660120975,2670.31727660754
"010310","00131","Swine, live pure-bred breeding","Swine,pure,for breeding","010310","00131",1,1,"Blue",264.469995743417,261.280268444608,292.895112648723,276.341756396347,117.494598329546,165.485429567674,146.079841820931,148.577345910475
"010310","00131","Swine, live pure-bred breeding","Swine,pure,for breeding","010310","00131",1,1,"Grey",415.720289905418,374.321598295405,439.401496798994,399.856666719041,185.103063424835,123.540106739034,84.0383509442284,136.238856377977
"010391","00139","Swine, live except pure-bred breeding weighing less than 50 kg","Other swine, live","010310","00131",1,1,"Green",5037.10420709543,3353.39163476424,2588.68322956513,3155.15383572689,3667.47462598764,2403.3558839548,1634.88660120975,2670.31727660754
"010391","00139","Swine, live except pure-bred breeding weighing less than 50 kg","Other swine, live","010310","00131",1,1,"Blue",264.469995743417,261.280268444608,292.895112648723,276.341756396347,117.494598329546,165.485429567674,146.079841820931,148.577345910475
"010391","00139","Swine, live except pure-bred breeding weighing less than 50 kg","Other swine, live","010310","00131",1,1,"Grey",415.720289905418,374.321598295405,439.401496798994,399.856666719041,185.103063424835,123.540106739034,84.0383509442284,136.238856377977
"010392","00139a","Swine, live except pure-bred breeding weighing 50 kg or more","Other swine, live","010310","00131",1,1,"Green",5037.10420709543,3353.39163476424,2588.68322956513,3155.15383572689,3667.47462598764,2403.3558839548,1634.88660120975,2670.31727660754
"010392","00139a","Swine, live except pure-bred breeding weighing 50 kg or more","Other swine, live","010310","00131",1,1,"Blue",264.469995743417,261.280268444608,292.895112648723,276.341756396347,117.494598329546,165.485429567674,146.079841820931,148.577345910475
"010392","00139a","Swine, live except pure-bred breeding weighing 50 kg or more","Other swine, live","010310","00131",1,1,"Grey",415.720289905418,374.321598295405,439.401496798994,399.856666719041,185.103063424835,123.540106739034,84.0383509442284,136.238856377977
"010410","00121","Sheep, live","Sheep, live","010410","00121",1,1,"Green",7125.85666388328,3490.41084706436,2026.18432844494,4278.29235728761,5280.30218718284,2975.57918685937,1590.38353239497,3637.01911111268
"010410","00121","Sheep, live","Sheep, live","010410","00121",1,1,"Blue",167.829344231974,195.68522903629,330.930457168041,207.036937974936,197.772545845409,219.576044316074,280.010923898452,230.175611846825
"010410","00121","Sheep, live","Sheep, live","010410","00121",1,1,"Grey",9.14153581803255,30.0713883021673,95.2181078993779,33.2939233570971,36.2934128445578,89.1573639016637,119.471588966125,72.5042034105856
"010420","00122","Goats, live","Goats, live","010420","00122",1,1,"Green",5259.62701787032,2684.57385630685,1348.50089080021,2900.35764373092,2906.63745471101,1480.5240988743,647.942078034738,1810.86578160902
"010420","00122","Goats, live","Goats, live","010420","00122",1,1,"Blue",151.598795873485,168.941943140432,219.186524794788,174.944711071207,188.522547758792,214.656316067508,284.418203536578,232.197649217141
"010420","00122","Goats, live","Goats, live","010420","00122",1,1,"Grey",0.202454388251664,2.07292980154755,10.2378602274404,3.23224358205318,0.746616881568076,1.36553498264151,3.96462717030744,2.09882920500945
"010511","00141","Fowls, live domestic weighing not more than 185 g","Poultry, live, to 185g","010599","00149",10,1,"Green",617.668706418489,317.093374508439,182.302443423479,276.540806085479,420.97677668596,250.026527209325,141.73869907578,285.974876892389
"010511","00141","Fowls, live domestic weighing not more than 185 g","Poultry, live, to 185g","010599","00149",10,1,"Blue",56.2535150639522,26.1241835495847,15.4042792297005,23.4405627359079,17.1546768679043,10.6193007296818,6.0081204054893,11.9144374365562
"010511","00141","Fowls, live domestic weighing not more than 185 g","Poultry, live, to 185g","010599","00149",10,1,"Grey",55.9689325649662,44.7628737970005,25.3680703548861,36.3908685497718,16.931575846173,10.0560015265591,5.70069340316536,11.5018347480377
"010519","00141a","Poultry, live except domestic fowls, weighing not more than 185 g","Poultry, live, to 185g","010599","00149",1,1,"Green",6176.68706418489,3170.93374508439,1823.02443423479,2765.40806085479,4209.7677668596,2500.26527209325,1417.3869907578,2859.74876892389
"010519","00141a","Poultry, live except domestic fowls, weighing not more than 185 g","Poultry, live, to 185g","010599","00149",1,1,"Blue",562.535150639522,261.241835495847,154.042792297005,234.405627359079,171.546768679042,106.193007296818,60.081204054893,119.144374365562
"010519","00141a","Poultry, live except domestic fowls, weighing not more than 185 g","Poultry, live, to 185g","010599","00149",1,1,"Grey",559.689325649662,447.628737970005,253.680703548861,363.908685497718,169.31575846173,100.560015265591,57.0069340316536,115.018347480377
"010599","00149","Poultry, live except domestic fowls, weighing more than 185 g","Poultry, live,over 185g","010599","00149",1,1,"Green",6176.68706418489,3170.93374508439,1823.02443423479,2765.40806085479,4209.7677668596,2500.26527209325,1417.3869907578,2859.74876892389
"010599","00149","Poultry, live except domestic fowls, weighing more than 185 g","Poultry, live,over 185g","010599","00149",1,1,"Blue",562.535150639522,261.241835495847,154.042792297005,234.405627359079,171.546768679042,106.193007296818,60.081204054893,119.144374365562
"010599","00149","Poultry, live except domestic fowls, weighing more than 185 g","Poultry, live,over 185g","010599","00149",1,1,"Grey",559.689325649662,447.628737970005,253.680703548861,363.908685497718,169.31575846173,100.560015265591,57.0069340316536,115.018347480377
"020110","01111","Bovine carcasses and half carcasses, fresh or chilled","Bovine meat,fh,ch,w.bone","010210","00119",0.565092110810095,0.825889685186019,"Green",14995.832018914,10509.9648587358,6282.89715536289,10233.5979075141,15260.0434472826,13071.8346119154,7887.97962763356,12735.8438490839
"020110","01111","Bovine carcasses and half carcasses, fresh or chilled","Bovine meat,fh,ch,w.bone","010210","00119",0.565092110810095,0.825889685186019,"Blue",328.193467855134,358.678069052778,483.154282754885,388.597338507088,360.126279859801,423.838863403432,330.788547050696,381.868983628196
"020110","01111","Bovine carcasses and half carcasses, fresh or chilled","Bovine meat,fh,ch,w.bone","010210","00119",0.565092110810095,0.825889685186019,"Grey",172.373071761303,284.980507131893,505.492712449753,320.120835737414,440.109808058304,477.854967729154,378.670331388875,435.619628002368
"020120","01111a","Bovine cuts bone in, fresh or chilled","Bovine meat,fh,ch,w.bone","020110","00119",1,1,"Green",14995.832018914,10509.9648587358,6282.89715536289,10233.5979075141,15260.0434472826,13071.8346119154,7887.97962763356,12735.8438490839
"020120","01111a","Bovine cuts bone in, fresh or chilled","Bovine meat,fh,ch,w.bone","020110","00119",1,1,"Blue",328.193467855134,358.678069052778,483.154282754885,388.597338507088,360.126279859801,423.838863403432,330.788547050696,381.868983628196
"020120","01111a","Bovine cuts bone in, fresh or chilled","Bovine meat,fh,ch,w.bone","020110","00119",1,1,"Grey",172.373071761303,284.980507131893,505.492712449753,320.120835737414,440.109808058304,477.854967729154,378.670331388875,435.619628002368
"020130","01112","Bovine cuts boneless, fresh or chilled","Bovine meat,fh,ch,bnless","020120","01111",0.71,1,"Green",21120.8901674845,14802.7674066701,8849.15092304633,14413.5181795973,21493.0189398347,18411.0346646696,11109.8304614557,17937.8082381463
"020130","01112","Bovine cuts boneless, fresh or chilled","Bovine meat,fh,ch,bnless","020120","01111",0.71,1,"Blue",465.061222331175,507.997280356026,683.315891204063,550.137096488856,510.037013887043,599.773047047088,468.716263451684,540.660540321402
"020130","01112","Bovine cuts boneless, fresh or chilled","Bovine meat,fh,ch,bnless","020120","01111",0.71,1,"Grey",242.778974311694,401.380995960413,711.961566830638,450.87441653157,619.872969096204,673.03516581571,533.338494913908,613.548771834321
"020210","01121","Bovine carcasses and half carcasses, frozen","Bovine meat,frozn,w.bone","020110","01111",1,1,"Green",14995.832018914,10509.9648587358,6282.89715536289,10233.5979075141,15260.0434472826,13071.8346119154,7887.97962763356,12735.8438490839
"020210","01121","Bovine carcasses and half carcasses, frozen","Bovine meat,frozn,w.bone","020110","01111",1,1,"Blue",328.193467855134,358.678069052778,483.154282754885,388.597338507088,360.126279859801,423.838863403432,330.788547050696,381.868983628196
"020210","01121","Bovine carcasses and half carcasses, frozen","Bovine meat,frozn,w.bone","020110","01111",1,1,"Grey",172.373071761303,284.980507131893,505.492712449753,320.120835737414,440.109808058304,477.854967729154,378.670331388875,435.619628002368
"020220","01121a","Bovine cuts bone in, frozen","Bovine meat,frozn,w.bone","020120","01111",1,1,"Green",14995.832018914,10509.9648587358,6282.89715536289,10233.5979075141,15260.0434472826,13071.8346119154,7887.97962763356,12735.8438490839
"020220","01121a","Bovine cuts bone in, frozen","Bovine meat,frozn,w.bone","020120","01111",1,1,"Blue",328.193467855134,358.678069052778,483.154282754885,388.597338507088,360.126279859801,423.838863403432,330.788547050696,381.868983628196
"020220","01121a","Bovine cuts bone in, frozen","Bovine meat,frozn,w.bone","020120","01111",1,1,"Grey",172.373071761303,284.980507131893,505.492712449753,320.120835737414,440.109808058304,477.854967729154,378.670331388875,435.619628002368
"020230","01122","Bovine cuts boneless, frozen","Bovine meat,frz,boneless","020130","01112",1,1,"Green",21120.8901674845,14802.7674066701,8849.15092304633,14413.5181795973,21493.0189398347,18411.0346646696,11109.8304614557,17937.8082381463
"020230","01122","Bovine cuts boneless, frozen","Bovine meat,frz,boneless","020130","01112",1,1,"Blue",465.061222331175,507.997280356026,683.315891204063,550.137096488856,510.037013887043,599.773047047088,468.716263451684,540.660540321402
"020230","01122","Bovine cuts boneless, frozen","Bovine meat,frz,boneless","020130","01112",1,1,"Grey",242.778974311694,401.380995960413,711.961566830638,450.87441653157,619.872969096204,673.03516581571,533.338494913908,613.548771834321
"020311","01221","Swine carcasses and half carcasses, fresh or chilled","Meat of swine,frsh,chlld","010310","00139",0.76,0.862853860694413,"Green",5592.14414008134,3803.14109852772,2956.39554317159,3582.23753485475,4430.29249604513,2903.24286433025,1974.93550191197,3243.734128387
"020311","01221","Swine carcasses and half carcasses, fresh or chilled","Meat of swine,frsh,chlld","010310","00139",0.76,0.862853860694413,"Blue",304.965359424208,307.675940011202,345.853056483957,325.100898632669,153.286275163439,211.258978779892,187.817117951042,191.37150393427
"020311","01221","Swine carcasses and half carcasses, fresh or chilled","Meat of swine,frsh,chlld","010310","00139",0.76,0.862853860694413,"Grey",461.528625878487,424.524782547185,501.81675840566,453.981528210607,223.603650063474,149.235881270526,101.517941782067,165.494427166757
"020312","01221a","Hams, shoulders and cuts thereof, of swine bone in, fresh or chilled","Meat of swine,frsh,chlld","020311","00139",0.77,1,"Green",7262.5248572485,4939.14428380223,3839.47473139167,4652.2565387724,5753.62661824043,3770.44527835097,2564.85130118437,4212.64172517793
"020312","01221a","Hams, shoulders and cuts thereof, of swine bone in, fresh or chilled","Meat of swine,frsh,chlld","020311","00139",0.77,1,"Blue",409.04592133014,412.566155858704,462.146826602542,435.195972250219,212.060097614856,287.349323090769,256.905347988367,261.52143368087
"020312","01221a","Hams, shoulders and cuts thereof, of swine bone in, fresh or chilled","Meat of swine,frsh,chlld","020311","00139",0.77,1,"Grey",599.387825816217,551.330886424915,651.710075851506,589.586400273516,290.394350731785,193.812832818865,131.841482833854,214.927827489295
"020319","01221b","Swine cuts, fresh or chilled, nes","Meat of swine,frsh,chlld","020311","00139",0.73,1,"Green",7660.47142476897,5209.7823267503,4049.85690845423,4907.17470528047,6068.89383019881,3977.04501963048,2705.39109850954,4443.47140874932
"020319","01221b","Swine cuts, fresh or chilled, nes","Meat of swine,frsh,chlld","020311","00139",0.73,1,"Blue",431.459396471518,435.172520563291,487.469940388982,459.042326894067,223.679828991012,303.094491479304,270.982353357592,275.851375252425
"020319","01221b","Swine cuts, fresh or chilled, nes","Meat of swine,frsh,chlld","020311","00139",0.73,1,"Grey",632.230994354092,581.540798009842,687.420216994055,621.892504398092,306.306369949965,204.432714069214,139.065673674065,226.704694748982
"020321","01222","Swine carcasses and half carcasses, frozen","Meat of swine, frozen","020311","01221",1,1,"Green",5592.14414008134,3803.14109852772,2956.39554317159,3582.23753485475,4430.29249604513,2903.24286433025,1974.93550191197,3243.734128387
"020321","01222","Swine carcasses and half carcasses, frozen","Meat of swine, frozen","020311","01221",1,1,"Blue",304.965359424208,307.675940011202,345.853056483957,325.100898632669,153.286275163439,211.258978779892,187.817117951042,191.37150393427
"020321","01222","Swine carcasses and half carcasses, frozen","Meat of swine, frozen","020311","01221",1,1,"Grey",461.528625878487,424.524782547185,501.81675840566,453.981528210607,223.603650063474,149.235881270526,101.517941782067,165.494427166757
"020322","01222a","Hams, shoulders and cuts thereof, of swine, bone in, frozen","Meat of swine, frozen","020312","01221",1,1,"Green",7262.5248572485,4939.14428380223,3839.47473139167,4652.2565387724,5753.62661824043,3770.44527835097,2564.85130118437,4212.64172517793
"020322","01222a","Hams, shoulders and cuts thereof, of swine, bone in, frozen","Meat of swine, frozen","020312","01221",1,1,"Blue",409.04592133014,412.566155858704,462.146826602542,435.195972250219,212.060097614856,287.349323090769,256.905347988367,261.52143368087
"020322","01222a","Hams, shoulders and cuts thereof, of swine, bone in, frozen","Meat of swine, frozen","020312","01221",1,1,"Grey",599.387825816217,551.330886424915,651.710075851506,589.586400273516,290.394350731785,193.812832818865,131.841482833854,214.927827489295
"020329","01222b","Swine cuts, frozen nes","Meat of swine, frozen","020319","01221",1,1,"Green",7660.47142476897,5209.7823267503,4049.85690845423,4907.17470528047,6068.89383019881,3977.04501963048,2705.39109850954,4443.47140874932
"020329","01222b","Swine cuts, frozen nes","Meat of swine, frozen","020319","01221",1,1,"Blue",431.459396471518,435.172520563291,487.469940388982,459.042326894067,223.679828991012,303.094491479304,270.982353357592,275.851375252425
"020329","01222b","Swine cuts, frozen nes","Meat of swine, frozen","020319","01221",1,1,"Grey",632.230994354092,581.540798009842,687.420216994055,621.892504398092,306.306369949965,204.432714069214,139.065673674065,226.704694748982
"020410","01211a","Lamb carcasses and half carcasses, fresh or chilled","Meat of swine, frozen","010410","01221",0.76,0.889671043027805,"Green",8341.66885608378,4085.94402487278,2371.89148007132,5008.25371563941,6181.22625575389,3483.27189313817,1861.73444221063,4257.56656065221
"020410","01211a","Lamb carcasses and half carcasses, fresh or chilled","Meat of swine, frozen","010410","01221",0.76,0.889671043027805,"Blue",208.170550215541,240.779200331749,399.099941353471,254.067735504898,243.22265470372,268.746261580104,339.492527834465,281.154325133692
"020410","01211a","Lamb carcasses and half carcasses, fresh or chilled","Meat of swine, frozen","010410","01221",0.76,0.889671043027805,"Grey",10.7012627711909,35.2021623632675,111.464201802597,38.9745256836795,42.4857874479691,104.369374915793,139.855806799581,84.8748556213103
"020421","01211","Sheep carcasses and half carcasses, fresh or chilled","Meat of sheep,frsh,chlld","010410","00121",0.5,0.886221470792938,"Green",12695.7870811841,6227.42557110598,3685.27294119678,7850.56136752379,11698.7929263908,6592.55540859842,3523.58008300984,8113.02871292946
"020421","01211","Sheep carcasses and half carcasses, fresh or chilled","Meat of sheep,frsh,chlld","010410","00121",0.5,0.886221470792938,"Blue",316.737687869859,366.856738643368,619.628729087971,397.63212416417,455.900120569814,504.206941777574,638.103661454297,526.468229106127
"020421","01211","Sheep carcasses and half carcasses, fresh or chilled","Meat of sheep,frsh,chlld","010410","00121",0.5,0.886221470792938,"Grey",16.2870231349156,53.6519454805949,173.184991921661,61.0935314028503,80.4100042779982,197.532925422384,264.695718228822,161.73373471722
"020422","01211b","Sheep cuts, bone in, fresh or chilled","Meat of sheep,frsh,chlld","020421","00121",1,1,"Green",12695.7870811841,6227.42557110598,3685.27294119678,7850.56136752379,11698.7929263908,6592.55540859842,3523.58008300984,8113.02871292946
"020422","01211b","Sheep cuts, bone in, fresh or chilled","Meat of sheep,frsh,chlld","020421","00121",1,1,"Blue",326.737687869859,376.856738643368,629.628729087971,407.63212416417,465.900120569814,514.206941777574,648.103661454297,536.468229106127
"020422","01211b","Sheep cuts, bone in, fresh or chilled","Meat of sheep,frsh,chlld","020421","00121",1,1,"Grey",16.2870231349156,53.6519454805949,173.184991921661,61.0935314028503,80.4100042779982,197.532925422384,264.695718228822,161.73373471722
"020423","01211c","Sheep cuts, boneless, fresh or chilled","Meat of sheep,frsh,chlld","020422","00121",0.8,1,"Green",15869.7338514801,7784.28196388248,4606.59117649598,9813.20170940474,14623.4911579886,8240.69426074802,4404.4751037623,10141.2858911618
"020423","01211c","Sheep cuts, boneless, fresh or chilled","Meat of sheep,frsh,chlld","020422","00121",0.8,1,"Blue",420.922109837324,483.57092330421,799.535911359964,522.040155205213,594.875150712267,655.258677221968,822.629576817871,683.085286382658
"020423","01211c","Sheep cuts, boneless, fresh or chilled","Meat of sheep,frsh,chlld","020422","00121",0.8,1,"Grey",20.3587789186445,67.0649318507436,216.481239902076,76.3669142535629,100.512505347498,246.91615677798,330.869647786027,202.167168396525
"020430","01212a","Lamb carcasses and half carcasses, frozen","Meat of sheep,frsh,chlld","020410","00121",1,1,"Green",8341.66885608378,4085.94402487278,2371.89148007132,5008.25371563941,6181.22625575389,3483.27189313817,1861.73444221063,4257.56656065221
"020430","01212a","Lamb carcasses and half carcasses, frozen","Meat of sheep,frsh,chlld","020410","00121",1,1,"Blue",208.170550215541,240.779200331749,399.099941353471,254.067735504898,243.22265470372,268.746261580104,339.492527834465,281.154325133692
"020430","01212a","Lamb carcasses and half carcasses, frozen","Meat of sheep,frsh,chlld","020410","00121",1,1,"Grey",10.7012627711909,35.2021623632675,111.464201802597,38.9745256836795,42.4857874479691,104.369374915793,139.855806799581,84.8748556213103
"020441","01212","Sheep carcasses and half carcasses, frozen","Meat of sheep, frozen","020421","01211",1,1,"Green",12695.7870811841,6227.42557110598,3685.27294119678,7850.56136752379,11698.7929263908,6592.55540859842,3523.58008300984,8113.02871292946
"020441","01212","Sheep carcasses and half carcasses, frozen","Meat of sheep, frozen","020421","01211",1,1,"Blue",316.737687869859,366.856738643368,619.628729087971,397.63212416417,455.900120569814,504.206941777574,638.103661454297,526.468229106127
"020441","01212","Sheep carcasses and half carcasses, frozen","Meat of sheep, frozen","020421","01211",1,1,"Grey",16.2870231349156,53.6519454805949,173.184991921661,61.0935314028503,80.4100042779982,197.532925422384,264.695718228822,161.73373471722
"020442","01212b","Sheep cuts, bone in, frozen","Meat of sheep, frozen","020422","01211",1,1,"Green",12695.7870811841,6227.42557110598,3685.27294119678,7850.56136752379,11698.7929263908,6592.55540859842,3523.58008300984,8113.02871292946
"020442","01212b","Sheep cuts, bone in, frozen","Meat of sheep, frozen","020422","01211",1,1,"Blue",326.737687869859,376.856738643368,629.628729087971,407.63212416417,465.900120569814,514.206941777574,648.103661454297,536.468229106127
"020442","01212b","Sheep cuts, bone in, frozen","Meat of sheep, frozen","020422","01211",1,1,"Grey",16.2870231349156,53.6519454805949,173.184991921661,61.0935314028503,80.4100042779982,197.532925422384,264.695718228822,161.73373471722
"020443","01212c","Sheep cuts, boneless, frozen","Meat of sheep, frozen","020423","01211",1,1,"Green",15869.7338514801,7784.28196388248,4606.59117649598,9813.20170940474,14623.4911579886,8240.69426074802,4404.4751037623,10141.2858911618
"020443","01212c","Sheep cuts, boneless, frozen","Meat of sheep, frozen","020423","01211",1,1,"Blue",420.922109837324,483.57092330421,799.535911359964,522.040155205213,594.875150712267,655.258677221968,822.629576817871,683.085286382658
"020443","01212c","Sheep cuts, boneless, frozen","Meat of sheep, frozen","020423","01211",1,1,"Grey",20.3587789186445,67.0649318507436,216.481239902076,76.3669142535629,100.512505347498,246.91615677798,330.869647786027,202.167168396525
"020450","01213","Goat meat, fresh, chilled or frozen","Meat of goats","010420","00122",0.5,0.87282689048812,"Green",9276.92519794803,4690.50085397444,2431.48510924754,5184.5641750671,6201.53436557531,3158.81193347666,1382.43421356938,3884.86250693549
"020450","01213","Goat meat, fresh, chilled or frozen","Meat of goats","010420","00122",0.5,0.87282689048812,"Blue",284.846351695608,312.632744905226,412.672273166072,330.180757734068,419.683880169597,475.442283064255,624.284630721216,516.525649321697
"020450","01213","Goat meat, fresh, chilled or frozen","Meat of goats","010420","00122",0.5,0.87282689048812,"Grey",0.357088859994391,3.62183330570158,18.4599097141174,5.7778303020061,1.59296448941667,2.91347381783758,8.4588367233435,4.50263237055461
"020500","0124","Horse, ass, mule or hinny meat, fresh, chilled or frozen","Meat of horses,mules,etc","010111","00151",0.68,0.86633055870877,"Green",51364.4003680966,44230.3722983072,42471.5017403244,47366.8164015763,0,38324.4472980342,0,38324.4472980342
"020500","0124","Horse, ass, mule or hinny meat, fresh, chilled or frozen","Meat of horses,mules,etc","010111","00151",0.68,0.86633055870877,"Blue",1910.95826704884,4540.75560140446,2818.87263107589,3174.72852783312,0,800.02750933338,0,800.02750933338
"020500","0124","Horse, ass, mule or hinny meat, fresh, chilled or frozen","Meat of horses,mules,etc","010111","00151",0.68,0.86633055870877,"Grey",860.136945734094,1502.60835987701,1871.01946948926,1236.98204220237,0,1312.59815303416,0,1312.59815303416
"020610","01251","Bovine edible offal, fresh or chilled","Edible offal,bov.frsh,ch","010210","00119",0.07,0.104294684152904,"Green",13702.9053656511,10947.3977977063,6218.81018424509,10432.5310086558,13431.7175526128,11505.6808985023,6942.91040422983,11188.6539405779
"020610","01251","Bovine edible offal, fresh or chilled","Edible offal,bov.frsh,ch","010210","00119",0.07,0.104294684152904,"Blue",301.441143024064,373.282343624671,478.65918424878,396.151365384367,319.014241324676,375.093336358819,293.191500905409,337.835605739513
"020610","01251","Bovine edible offal, fresh or chilled","Edible offal,bov.frsh,ch","010210","00119",0.07,0.104294684152904,"Grey",157.511226249571,296.84161822594,500.336572525455,326.343733213829,387.379672567474,420.602534968132,333.301340480479,382.699201183468
"020621","01252a","Bovine tongues, edible offal, frozen","Edible offal,bov.frsh,ch","020610","00119",0.1,0.2372495089084,"Green",32510.07568619,25972.647513307,14754.096622067,24751.1285847523,31866.6839315371,27297.1714282643,16472.0208379855,26545.0265274815
"020621","01252a","Bovine tongues, edible offal, frozen","Edible offal,bov.frsh,ch","020610","00119",0.1,0.2372495089084,"Blue",715.167631472459,885.610527091297,1135.61656397518,939.86716890833,756.859720890652,889.907098459429,695.595396059249,801.513315534711
"020621","01252a","Bovine tongues, edible offal, frozen","Edible offal,bov.frsh,ch","020610","00119",0.1,0.2372495089084,"Grey",373.694610752705,704.25528147679,1187.04606120576,774.248904403148,919.0563707773,997.877448668173,790.75579347505,907.951975404147
"020622","01252a","Bovine livers, edible offal, frozen","Edible offal,bov.frsh,ch","020610","00119",0.6,0.419303461005791,"Green",9576.1260760872,7650.46964264234,4345.94772265338,7290.66059829932,9386.60942843794,8040.61970328374,4851.97726991114,7819.06886880068
"020622","01252a","Bovine livers, edible offal, frozen","Edible offal,bov.frsh,ch","020610","00119",0.6,0.419303461005791,"Blue",210.65885759922,260.864297690296,334.505754329537,276.846064313058,222.939625829289,262.12989022577,204.893685111867,236.092731229276
"020622","01252a","Bovine livers, edible offal, frozen","Edible offal,bov.frsh,ch","020610","00119",0.6,0.419303461005791,"Grey",110.075003856185,207.444529821161,349.654760879497,228.061761356848,270.71606238472,293.933497699911,232.924009368891,267.445165967299
"020629","01252","Bovine edible offal, frozen nes","Edible offal,bov.,frozen","020610","01251",0.3,0.34,"Green",15529.9594144046,12407.0508374004,7047.98487547777,11823.5351431432,15222.6132262945,13039.7716849693,7868.63179146048,12680.4744659883
"020629","01252","Bovine edible offal, frozen nes","Edible offal,bov.,frozen","020610","01251",0.3,0.34,"Blue",341.633295427273,423.053322774627,542.480408815284,448.971547435616,361.5494735013,425.105781206661,332.28370102613,382.880353171448
"020629","01252","Bovine edible offal, frozen nes","Edible offal,bov.,frozen","020610","01251",0.3,0.34,"Grey",178.512723082847,336.420500656066,567.048115528849,369.856230975673,439.030295576471,476.682872963883,377.74151921121,433.725761341264
"020630","01253","Swine edible offal, fresh or chilled","Edible offal,swine,fh,ch","010310","01221",0.04,0.0130612659813218,"Green",1644.77394561271,1094.98850202988,845.287005068431,1030.25758651042,1197.54653924433,784.771761202709,533.842218692493,871.943105107248
"020630","01253","Swine edible offal, fresh or chilled","Edible offal,swine,fh,ch","010310","01221",0.04,0.0130612659813218,"Blue",89.6231404574255,88.5815935409851,98.9048407686849,93.4996460462884,41.6310214990997,57.3015467857474,50.9650082086452,51.7805223387195
"020630","01253","Swine edible offal, fresh or chilled","Edible offal,swine,fh,ch","010310","01221",0.04,0.0130612659813218,"Grey",135.745832007172,122.227848947244,143.478495557064,130.565856960553,60.442008633731,40.3397548369853,27.4411813578558,44.4862985035964
"020641","01254a","Swine livers, edible offal, frozen","Edible offal,swine,fh,ch","020630","01221",0.6,0.327494255630086,"Green",897.756698330322,597.67074065963,461.37773086445,562.339069002462,653.649354087011,428.347072957654,291.383766724352,475.92726359814
"020641","01254a","Swine livers, edible offal, frozen","Edible offal,swine,fh,ch","020630","01221",0.6,0.327494255630086,"Blue",48.9184394522253,48.3499383987195,53.9846120095877,51.0343283060095,22.7232006616129,31.2765456850848,27.8179123774525,28.2630393657599
"020641","01254a","Swine livers, edible offal, frozen","Edible offal,swine,fh,ch","020630","01221",0.6,0.327494255630086,"Grey",74.0933003467921,66.7148640137405,78.3139718356421,71.2659468933345,32.9906843771516,22.0183966377311,14.9780487706686,24.2816786902885
"020649","01254","Swine edible offal, frozen nes","Edible offal,swine,frzen","020630","01253",1,1,"Green",1644.77394561271,1094.98850202988,845.287005068431,1030.25758651042,1197.54653924433,784.771761202709,533.842218692493,871.943105107248
"020649","01254","Swine edible offal, frozen nes","Edible offal,swine,frzen","020630","01253",1,1,"Blue",89.6231404574255,88.5815935409851,98.9048407686849,93.4996460462884,41.6310214990997,57.3015467857474,50.9650082086452,51.7805223387195
"020649","01254","Swine edible offal, frozen nes","Edible offal,swine,frzen","020630","01253",1,1,"Grey",135.745832007172,122.227848947244,143.478495557064,130.565856960553,60.442008633731,40.3397548369853,27.4411813578558,44.4862985035964
"020680","01255","Sheep, goats, asses, mules or hinnies edible offal, fresh or chilled","Ed.off.sheep,horse,fh,ch","010410","00121",0.08,0.0556868118325466,"Green",4960.20298984208,2429.62315073441,1410.3968179521,2978.05576831122,3675.53992895794,2071.2564783935,1107.04235637574,2531.67498589885
"020680","01255","Sheep, goats, asses, mules or hinnies edible offal, fresh or chilled","Ed.off.sheep,horse,fh,ch","010410","00121",0.08,0.0556868118325466,"Blue",123.784365381889,143.174433075977,237.31662770376,151.07618907153,144.627383305781,159.80447476362,201.872296856451,167.182676296011
"020680","01255","Sheep, goats, asses, mules or hinnies edible offal, fresh or chilled","Ed.off.sheep,horse,fh,ch","010410","00121",0.08,0.0556868118325466,"Grey",6.3632873119908,20.9322467740779,66.2799107205472,23.1754055644237,25.2633056479478,62.0611168384729,83.1623986761495,50.4690991549245
"020690","01256","Sheep, goats, asses, mules or hinnies edible offal, frozen","Ed.off.sheep,horse,frozn","020680","00121",1,1,"Green",4960.20298984208,2429.62315073441,1410.3968179521,2978.05576831122,3675.53992895794,2071.2564783935,1107.04235637574,2531.67498589885
"020690","01256","Sheep, goats, asses, mules or hinnies edible offal, frozen","Ed.off.sheep,horse,frozn","020680","00121",1,1,"Blue",123.784365381889,143.174433075977,237.31662770376,151.07618907153,144.627383305781,159.80447476362,201.872296856451,167.182676296011
"020690","01256","Sheep, goats, asses, mules or hinnies edible offal, frozen","Ed.off.sheep,horse,frozn","020680","00121",1,1,"Grey",6.3632873119908,20.9322467740779,66.2799107205472,23.1754055644237,25.2633056479478,62.0611168384729,83.1623986761495,50.4690991549245
"020900","41131","Pig fat lean meat free&poultry fat unrenderd,frsh,chilld,frozn or curd","Pig,poultry fat unrendrd","010310","00131",0.78,1,"Green",7918.82956946781,4065.29967318511,2337.21081312153,3545.39494981384,5397.13816264051,3205.46829755545,1817.16280866385,3666.34457554345
"020900","41131","Pig fat lean meat free&poultry fat unrenderd,frsh,chilld,frozn or curd","Pig,poultry fat unrendrd","010310","00131",0.78,1,"Blue",734.019423896823,347.745942943393,210.311272175648,313.340547896255,232.752267537234,148.965393970279,89.847697506273,165.569710725079
"020900","41131","Pig fat lean meat free&poultry fat unrenderd,frsh,chilld,frozn or curd","Pig,poultry fat unrendrd","010310","00131",0.78,1,"Grey",717.550417499567,573.882997397442,325.231671216489,466.549596791946,217.071485207346,128.923096494347,73.0858128610944,147.459419846637
"021011","01611","Hams, shoulders and cuts thereof, of swine bone in, cured","Hams,shoulders with bone","020312","01221",0.98,1,"Green",7410.73965025357,5039.94314673697,3917.83135856293,4747.20054976775,5871.04756963309,3847.39314117446,2617.19520529017,4298.6140052836
"021011","01611","Hams, shoulders and cuts thereof, of swine bone in, cured","Hams,shoulders with bone","020312","01221",0.98,1,"Blue",422.49583809198,426.087914141535,476.680435308716,449.179563520632,221.489895525363,298.315635806907,267.25035509017,271.960646613133
"021011","01611","Hams, shoulders and cuts thereof, of swine bone in, cured","Hams,shoulders with bone","020312","01221",0.98,1,"Grey",611.620230424711,562.582537168281,665.010281481129,601.618775789302,296.320766052842,197.768196753944,134.532125340667,219.314109682954
"021012","01612","Bellies, streaky and cuts thereof, swine cured","Bellies (streaky)","020319","01221",0.98,1,"Green",7816.80757629486,5316.10441505133,4132.50704944309,5007.32112783722,6192.74880632531,4058.20920370457,2760.60316174443,4534.1544987238
"021012","01612","Bellies, streaky and cuts thereof, swine cured","Bellies (streaky)","020319","01221",0.98,1,"Blue",445.366731093386,449.155633227848,502.520347335696,473.512578463334,233.346764276543,314.382134162555,281.614646283257,286.583035971862
"021012","01612","Bellies, streaky and cuts thereof, swine cured","Bellies (streaky)","020319","01221",0.98,1,"Grey",645.133667708257,593.408977561063,701.449201014342,634.584188161319,312.557520357107,208.604810274708,141.903748647005,231.331321172431
"021019","01619","Swine meat cured, nes","Oth.pigmeat,dry,salt,smk","020311","01221",0.7,1,"Green",7988.77734297335,5433.05871218246,4223.42220453084,5117.48219264964,6328.98928006447,4147.48980618607,2821.33643130281,4633.90589769572
"021019","01619","Swine meat cured, nes","Oth.pigmeat,dry,salt,smk","020311","01221",0.7,1,"Blue",442.807656320297,446.679914301718,501.218652119939,471.572712332384,226.123250233484,308.941398256989,275.453025644346,280.5307199061
"021019","01619","Swine meat cured, nes","Oth.pigmeat,dry,salt,smk","020311","01221",0.7,1,"Grey",659.326608397838,606.463975067407,716.881083436657,648.545040300868,319.433785804963,213.194116100751,145.025631117239,236.420610238224
"021020","01681","Bovine meat cured","Bov.meat,dried,smkd,salt","020110","01111",0.46,1,"Green",32599.634823726,22847.7496929039,13658.4720768758,22246.9519728567,33174.0074940926,28417.0317650335,17147.7817992034,27686.6170632258
"021020","01681","Bovine meat cured","Bov.meat,dried,smkd,salt","020110","01111",0.46,1,"Blue",724.33362577203,790.604497940822,1061.20496251062,855.646388058887,793.752782303914,932.258398703113,729.975102284121,841.019529626512
"021020","01681","Bovine meat cured","Bov.meat,dried,smkd,salt","020110","01111",0.46,1,"Grey",374.72406904631,619.522841591072,1098.89720097772,695.914860298727,956.760452300662,1038.81514723729,823.19637258451,946.999191309495
"040110","02211","Milk not concentrated and unsweetened not exceeding 1% fat","Milk,fat cont.1% or less","FAO882","FAO882",0.93,1,"Green",1086.52004440864,789.557395576588,1027.24743590478,862.638324738887,0,1167.32835485285,1322.77495050813,1225.77627481924
"040110","02211","Milk not concentrated and unsweetened not exceeding 1% fat","Milk,fat cont.1% or less","FAO882","FAO882",0.93,1,"Blue",56.0887748641855,90.4608159824405,97.8402662092505,85.5246618963615,0,40.6239687176302,50.8118878419159,43.8571003326485
"040110","02211","Milk not concentrated and unsweetened not exceeding 1% fat","Milk,fat cont.1% or less","FAO882","FAO882",0.93,1,"Grey",48.7556490396693,76.200141968963,82.2269158154657,72.2724417123937,0,43.535677185837,59.1376233776796,49.4020089539699
"040120","02212","Milk not concentrated & unsweetened exceeding 1% not exceeding 6% fat","Milk,cream fat cont.1-6%","FAO882","FAO882",0.9,1,"Green",1122.73737922226,815.875975429141,1061.4890171016,891.392935563517,0,1206.23930001461,1366.8674488584,1266.63548397988
"040120","02212","Milk not concentrated & unsweetened exceeding 1% not exceeding 6% fat","Milk,cream fat cont.1-6%","FAO882","FAO882",0.9,1,"Blue",57.9584006929916,93.4761765151885,101.101608416226,88.3754839595736,0,41.9781010082179,52.5056174366465,45.3190036770701
"040120","02212","Milk not concentrated & unsweetened exceeding 1% not exceeding 6% fat","Milk,cream fat cont.1-6%","FAO882","FAO882",0.9,1,"Grey",50.3808373409916,78.7401467012617,84.9678130093145,74.6815231028068,0,44.9868664253649,61.108877490269,51.0487425857688
"040130","02213","Milk and cream not concentrated and unsweetened exceeding 6% fat","Cream,fat content 6%+","FAO882","FAO882",0.5,1,"Green",2020.92728260007,1468.57675577245,1910.68023078289,1604.50728401433,0,2171.23074002631,2460.36140794512,2279.94387116378
"040130","02213","Milk and cream not concentrated and unsweetened exceeding 6% fat","Cream,fat content 6%+","FAO882","FAO882",0.5,1,"Blue",104.325121247385,168.257117727339,181.982895149206,159.075871127232,0,75.5605818147922,94.5101113859636,81.5742066187262
"040130","02213","Milk and cream not concentrated and unsweetened exceeding 6% fat","Cream,fat content 6%+","FAO882","FAO882",0.5,1,"Grey",90.6855072137849,141.732264062271,152.942063416766,134.426741585052,0,80.9763595656569,109.995979482484,91.8877366543839
"040210","02221","Milk powder not exceeding 1.5% fat","Milk,solid, to 1.5% fat","FAO882","FAO882",0.2,1,"Green",5052.31820650017,3671.44188943113,4776.70057695722,4011.26821003582,0,5428.07685006576,6150.90351986281,5699.85967790946
"040210","02221","Milk powder not exceeding 1.5% fat","Milk,solid, to 1.5% fat","FAO882","FAO882",0.2,1,"Blue",260.812803118462,420.642794318348,454.957237873015,397.689677818081,0,188.901454536981,236.275278464909,203.935516546816
"040210","02221","Milk powder not exceeding 1.5% fat","Milk,solid, to 1.5% fat","FAO882","FAO882",0.2,1,"Grey",226.713768034462,354.330660155678,382.355158541915,336.066853962631,0,202.440898914142,274.98994870621,229.71934163596
"040221","02222","Milk and cream powder unsweetened exceeding 1.5% fat","Milk,crm solid 1.5%+ fat","FAO882","FAO882",0.2,1,"Green",5052.31820650017,3671.44188943113,4776.70057695722,4011.26821003582,0,5428.07685006576,6150.90351986281,5699.85967790946
"040221","02222","Milk and cream powder unsweetened exceeding 1.5% fat","Milk,crm solid 1.5%+ fat","FAO882","FAO882",0.2,1,"Blue",260.812803118462,420.642794318348,454.957237873015,397.689677818081,0,188.901454536981,236.275278464909,203.935516546816
"040221","02222","Milk and cream powder unsweetened exceeding 1.5% fat","Milk,crm solid 1.5%+ fat","FAO882","FAO882",0.2,1,"Grey",226.713768034462,354.330660155678,382.355158541915,336.066853962631,0,202.440898914142,274.98994870621,229.71934163596
"040229","02222a","Milk and cream powder sweetened exceeding 1.5% fat","Milk,crm solid 1.5%+ fat","040221","FAO882",1,1,"Green",5052.31820650017,3671.44188943113,4776.70057695722,4011.26821003582,0,5428.07685006576,6150.90351986281,5699.85967790946
"040229","02222a","Milk and cream powder sweetened exceeding 1.5% fat","Milk,crm solid 1.5%+ fat","040221","FAO882",1,1,"Blue",270.812803118462,430.642794318348,464.957237873015,407.689677818081,0,198.901454536981,246.275278464909,213.935516546816
"040229","02222a","Milk and cream powder sweetened exceeding 1.5% fat","Milk,crm solid 1.5%+ fat","040221","FAO882",1,1,"Grey",226.713768034462,354.330660155678,382.355158541915,336.066853962631,0,202.440898914142,274.98994870621,229.71934163596
"040291","02223","Milk and cream unsweetened, nes","Milk,cream unsweetened","FAO882","FAO882",0.5,0.831488091433553,"Green",1680.37696913513,1221.10408378092,1588.70785843348,1334.12869927631,0,1805.35250408633,2045.76121132906,1895.7461780096
"040291","02223","Milk and cream unsweetened, nes","Milk,cream unsweetened","FAO882","FAO882",0.5,0.831488091433553,"Blue",86.7450959545621,139.903789689216,151.316610161166,132.269692476712,0,62.8277239607904,78.5840321374874,67.8279813716109
"040291","02223","Milk and cream unsweetened, nes","Milk,cream unsweetened","FAO882","FAO882",0.5,0.831488091433553,"Grey",75.4039193138737,117.848689739694,127.169504410316,111.774234798187,0,67.3308786664851,91.4603470452549,76.4035587769026
"040299","02224","Milk and cream nes sweetened","Milk,cream, sweetened","040130","02213",1,1,"Green",2020.92728260007,1468.57675577245,1910.68023078289,1604.50728401433,0,2171.23074002631,2460.36140794512,2279.94387116378
"040299","02224","Milk and cream nes sweetened","Milk,cream, sweetened","040130","02213",1,1,"Blue",109.325121247385,173.257117727339,186.982895149206,164.075871127232,0,80.5605818147922,99.5101113859636,86.5742066187262
"040299","02224","Milk and cream nes sweetened","Milk,cream, sweetened","040130","02213",1,1,"Grey",90.6855072137849,141.732264062271,152.942063416766,134.426741585052,0,80.9763595656569,109.995979482484,91.8877366543839
"040310","02231","Yogurt concentratd o not,sweetend o not,flavourd o contg fruit o cocoa","Yogurt","FAO882","FAO882",0.8,1,"Green",1263.07955162504,917.860472357784,1194.17514423931,1002.81705250896,0,1357.01921251644,1537.7258799657,1424.96491947736
"040310","02231","Yogurt concentratd o not,sweetend o not,flavourd o contg fruit o cocoa","Yogurt","FAO882","FAO882",0.8,1,"Blue",65.2032007796156,105.160698579587,113.739309468254,99.4224194545203,0,47.2253636342451,59.0688196162273,50.9838791367039
"040310","02231","Yogurt concentratd o not,sweetend o not,flavourd o contg fruit o cocoa","Yogurt","FAO882","FAO882",0.8,1,"Grey",56.6784420086156,88.5826650389194,95.5887896354788,84.0167134906577,0,50.6102247285355,68.7474871765526,57.42983540899
"040390","02232","Buttermilk,curdled milk & cream,kephir & ferm or acid milk & cream nes","Buttermilk","FAO882","FAO882",0.1,0.168511908566448,"Green",1702.75156732471,1237.36335995769,1609.86186174703,1351.89292369011,0,1829.39117969987,2073.00098308033,1920.98846577092
"040390","02232","Buttermilk,curdled milk & cream,kephir & ferm or acid milk & cream nes","Buttermilk","FAO882","FAO882",0.1,0.168511908566448,"Blue",87.9001264641145,141.766640190617,153.331424940202,134.030893252601,0,63.6642892700092,79.6303962423814,68.7311262355765
"040390","02232","Buttermilk,curdled milk & cream,kephir & ferm or acid milk & cream nes","Buttermilk","FAO882","FAO882",0.1,0.168511908566448,"Grey",76.4079394995562,119.417871612885,128.86279503225,113.262533934329,0,68.2274044958588,92.6781621861461,77.4208893874068
"040410","02241","Whey whether or not concentrated or sweetened","Whey","FAO882","FAO882",0.73,0.497681571564361,"Green",688.889223302531,500.605197106661,651.308452063687,546.940894996381,0,740.124333510371,838.682556248241,777.182225259811
"040410","02241","Whey whether or not concentrated or sweetened","Whey","FAO882","FAO882",0.73,0.497681571564361,"Blue",35.562116641124,57.3551142311177,62.0339268874583,54.2254311921717,0,25.7569240451392,32.2163977830748,27.8068351706326
"040410","02241","Whey whether or not concentrated or sweetened","Whey","FAO882","FAO882",0.73,0.497681571564361,"Grey",30.9126751700463,48.3133807670452,52.134552383255,45.8230904194007,0,27.6030423891759,37.495186256578,31.3224884833191
"040490","02249","Products consisting of natural milk constituents sweetened or not nes","Milk products nes","FAO882","FAO882",0.8,1,"Green",1263.07955162504,917.860472357784,1194.17514423931,1002.81705250896,0,1357.01921251644,1537.7258799657,1424.96491947736
"040490","02249","Products consisting of natural milk constituents sweetened or not nes","Milk products nes","FAO882","FAO882",0.8,1,"Blue",65.2032007796156,105.160698579587,113.739309468254,99.4224194545203,0,47.2253636342451,59.0688196162273,50.9838791367039
"040490","02249","Products consisting of natural milk constituents sweetened or not nes","Milk products nes","FAO882","FAO882",0.8,1,"Grey",56.6784420086156,88.5826650389194,95.5887896354788,84.0167134906577,0,50.6102247285355,68.7474871765526,57.42983540899
"040510","0230a","Butter","butter","FAO882","FAO882",0.047,0.275038829587159,"Green",5913.12206901149,4296.97480921875,5590.54525946647,4694.70005807842,0,6352.90171809038,7198.88214896426,6670.99036009896
"040510","0230a","Butter","butter","FAO882","FAO882",0.047,0.275038829587159,"Blue",305.249566429991,492.311071589746,532.471941348087,465.44724904672,0,221.086106226225,276.531387444122,238.681641626761
"040510","0230a","Butter","butter","FAO882","FAO882",0.047,0.275038829587159,"Grey",265.340806006353,414.700808749204,447.500065072259,393.325251816683,0,236.932374033693,321.842185703782,268.858463221647
"040610","02491","Cheese, fresh (including whey cheese) unfermented, and curd","Fresh cheese,unfermented","FAO882","FAO882",0.15,0.502318428435639,"Green",3383.83005526124,2458.97722665576,3199.23296923302,2686.57859106538,0,3635.49737700388,4119.6162527423,3817.52607428153
"040610","02491","Cheese, fresh (including whey cheese) unfermented, and curd","Fresh cheese,unfermented","FAO882","FAO882",0.15,0.502318428435639,"Blue",174.68143650448,281.728836499691,304.711206311723,266.355805288872,0,126.518242362963,158.247235408915,136.587424232009
"040610","02491","Cheese, fresh (including whey cheese) unfermented, and curd","Fresh cheese,unfermented","FAO882","FAO882",0.15,0.502318428435639,"Grey",151.843338218391,237.315760474617,256.085389790713,225.083431909091,0,135.5863922582,184.176691826268,153.856344895793
"040620","0241","Cheese, grated or powdered, of all kinds","Cheese, powdered, grated","040610","02491",0.63,1,"Green",5371.15881787499,3903.13845500915,5078.14757021114,4264.41046200854,0,5770.63075714902,6539.07341705128,6059.56519727227
"040620","0241","Cheese, grated or powdered, of all kinds","Cheese, powdered, grated","040610","02491",0.63,1,"Blue",293.145137308698,463.061645237605,499.541597320195,438.660008395035,0,216.695622798354,267.059103823674,232.678451161919
"040620","0241","Cheese, grated or powdered, of all kinds","Cheese, powdered, grated","040610","02491",0.63,1,"Grey",241.021171775224,376.691683293043,406.484745699544,357.275288744589,0,215.216495647937,292.34395527979,244.216420469513
"040630","0242","Cheese processed, not grated or powdered","Processed cheese, whole","040610","02491",0.63,1,"Green",5371.15881787499,3903.13845500915,5078.14757021114,4264.41046200854,0,5770.63075714902,6539.07341705128,6059.56519727227
"040630","0242","Cheese processed, not grated or powdered","Processed cheese, whole","040610","02491",0.63,1,"Blue",293.145137308698,463.061645237605,499.541597320195,438.660008395035,0,216.695622798354,267.059103823674,232.678451161919
"040630","0242","Cheese processed, not grated or powdered","Processed cheese, whole","040610","02491",0.63,1,"Grey",241.021171775224,376.691683293043,406.484745699544,357.275288744589,0,215.216495647937,292.34395527979,244.216420469513
"040640","0243","Cheese, blue-veined","Blue-veined cheese","040610","02491",0.63,1,"Green",5371.15881787499,3903.13845500915,5078.14757021114,4264.41046200854,0,5770.63075714902,6539.07341705128,6059.56519727227
"040640","0243","Cheese, blue-veined","Blue-veined cheese","040610","02491",0.63,1,"Blue",293.145137308698,463.061645237605,499.541597320195,438.660008395035,0,216.695622798354,267.059103823674,232.678451161919
"040640","0243","Cheese, blue-veined","Blue-veined cheese","040610","02491",0.63,1,"Grey",241.021171775224,376.691683293043,406.484745699544,357.275288744589,0,215.216495647937,292.34395527979,244.216420469513
"040690","02499","Cheese nes","Other cheese, curd","040610","02491",0.63,1,"Green",5371.15881787499,3903.13845500915,5078.14757021114,4264.41046200854,0,5770.63075714902,6539.07341705128,6059.56519727227
"040690","02499","Cheese nes","Other cheese, curd","040610","02491",0.63,1,"Blue",293.145137308698,463.061645237605,499.541597320195,438.660008395035,0,216.695622798354,267.059103823674,232.678451161919
"040690","02499","Cheese nes","Other cheese, curd","040610","02491",0.63,1,"Grey",241.021171775224,376.691683293043,406.484745699544,357.275288744589,0,215.216495647937,292.34395527979,244.216420469513
"040700","0251","Eggs, bird, in shell, fresh, preserved or cooked","Birds' eggs, in shell","040700","0251",1,1,"Green",6781.0685600589,3005.98462851995,2297.66098826094,2592.13924719903,0,2639.55662843499,2546.64109407865,2578.7712096988
"040700","0251","Eggs, bird, in shell, fresh, preserved or cooked","Birds' eggs, in shell","040700","0251",1,1,"Blue",417.543618713235,311.851669675958,205.450601868523,243.77320540362,0,108.096276943548,105.033062928552,106.092319824107
"040700","0251","Eggs, bird, in shell, fresh, preserved or cooked","Birds' eggs, in shell","040700","0251",1,1,"Grey",445.847377104412,544.976997188639,368.655821004806,428.64684369579,0,109.46385044583,105.610592649688,106.943046037186
"040811","02521","Egg yolks dried","Egg,unshelld;yolks,dried","040819","0251",0.5,1,"Green",13562.1371201178,6011.9692570399,4595.32197652187,5184.27849439806,0,5279.11325686997,5093.2821881573,5157.5424193976
"040811","02521","Egg yolks dried","Egg,unshelld;yolks,dried","040819","0251",0.5,1,"Blue",855.08723742647,643.703339351917,430.901203737046,507.54641080724,0,236.192553887097,230.066125857105,232.184639648214
"040811","02521","Egg yolks dried","Egg,unshelld;yolks,dried","040819","0251",0.5,1,"Grey",891.694754208823,1089.95399437728,737.311642009613,857.29368739158,0,218.927700891661,211.221185299376,213.886092074372
"040819","02522","Egg yolks nes","Egg,unshelld;ylk,not dry","040700","0251",1,1,"Green",6781.0685600589,3005.98462851995,2297.66098826094,2592.13924719903,0,2639.55662843499,2546.64109407865,2578.7712096988
"040819","02522","Egg yolks nes","Egg,unshelld;ylk,not dry","040700","0251",1,1,"Blue",422.543618713235,316.851669675958,210.450601868523,248.77320540362,0,113.096276943548,110.033062928552,111.092319824107
"040819","02522","Egg yolks nes","Egg,unshelld;ylk,not dry","040700","0251",1,1,"Grey",445.847377104412,544.976997188639,368.655821004806,428.64684369579,0,109.46385044583,105.610592649688,106.943046037186
"040891","02521a","Eggs, bird, not in shell, dried","Egg,unshelld;ylk,not dry","040899","0251",0.75,1,"Green",10046.0274963836,4453.3105607703,3403.94220483102,3840.20629214671,0,3910.45426434813,3772.80162085726,3820.40179214637
"040891","02521a","Eggs, bird, not in shell, dried","Egg,unshelld;ylk,not dry","040899","0251",0.75,1,"Blue",632.657212908496,476.076547668086,318.445336101515,375.219563560918,0,174.216706583035,169.678611746003,171.247881220899
"040891","02521a","Eggs, bird, not in shell, dried","Egg,unshelld;ylk,not dry","040899","0251",0.75,1,"Grey",660.514632747276,807.373329168354,546.156771858972,635.0323610308,0,162.168667327156,156.460137258797,158.434142277313
"040899","02522a","Eggs, bird, not in shell nes","Egg,unshelld;ylk,not dry","040700","0251",0.9,1,"Green",7534.52062228767,3339.98292057772,2552.95665362326,2880.15471911003,0,2932.8406982611,2829.60121564294,2865.30134410978
"040899","02522a","Eggs, bird, not in shell nes","Egg,unshelld;ylk,not dry","040700","0251",0.9,1,"Blue",469.492909681372,352.057410751065,233.834002076136,276.414672670689,0,125.662529937276,122.258958809503,123.435910915674
"040899","02522a","Eggs, bird, not in shell nes","Egg,unshelld;ylk,not dry","040700","0251",0.9,1,"Grey",495.385974560457,605.529996876266,409.617578894229,476.2742707731,0,121.626500495367,117.345102944098,118.825606707984
"050210","29192","Bristles, hair and waste of pigs, hogs or boars","Bristle,hair for brushes","010310","00139",0.0075,0.0272378076250636,"Green",18293.2900507019,12178.5381652275,9401.3407745498,11458.5964273348,13319.1957776605,8728.28602956342,5937.43023100605,9697.81177041602
"050210","29192","Bristles, hair and waste of pigs, hogs or boars","Bristle,hair for brushes","010310","00139",0.0075,0.0272378076250636,"Blue",996.794792388163,985.210635249315,1100.02650785305,1039.90955676621,463.023112337993,637.311782875461,566.836360755851,575.906565547025
"050210","29192","Bristles, hair and waste of pigs, hogs or boars","Bristle,hair for brushes","010310","00139",0.0075,0.0272378076250636,"Grey",1509.77457097059,1359.42662457021,1595.7777919968,1452.16252875899,672.24021765008,448.661554845019,305.20272481953,494.779701477602
"050300","26851","Horsehair&waste put up or not as a layer with or without supg material","Horsehair and waste","010111","00151",0.01,0.021144559195502,"Green",85248.3804687138,73408.1889195172,70489.0296292771,78613.677123764,0,63606.2533798262,0,63606.2533798262
"050300","26851","Horsehair&waste put up or not as a layer with or without supg material","Horsehair and waste","010111","00151",0.01,0.021144559195502,"Blue",3171.57596003783,7536.19351827188,4678.4217244763,5269.02803276368,0,1327.78829329916,0,1327.78829329916
"050300","26851","Horsehair&waste put up or not as a layer with or without supg material","Horsehair and waste","010111","00151",0.01,0.021144559195502,"Grey",1427.55062026736,2493.84648200483,3105.29040456707,2052.99224776177,0,2178.49066572358,0,2178.49066572358
"051110","29194","Semen bovine","Bovine semen","010210","00111",1e-04,0.0152625573098018,"Green",1403704.95492557,1121434.91632815,637045.534244748,1068692.73913057,1375924.88444274,1178624.59500776,711221.268480141,1146148.83167081
"051110","29194","Semen bovine","Bovine semen","010210","00111",1e-04,0.0152625573098018,"Blue",30879.175969643,38238.4801872477,49033.1247805941,40581.1482785602,32679.3376506685,38423.9955510646,30034.0950755323,34607.3698294349
"051110","29194","Semen bovine","Bovine semen","010210","00111",1e-04,0.0152625573098018,"Grey",16135.2124124824,30408.0075876724,51253.7237354763,33430.1597433088,39682.5892984317,43085.889206312,34142.8865362052,39203.1288703106
"160231","0174","Turkey meat and meat offal prepared or preserved, excluding livers","Poultry,prprd,prsrvd,nes","010599","00149",0.78,1,"Green",7918.82956946781,4065.29967318511,2337.21081312153,3545.39494981384,5397.13816264051,3205.46829755545,1817.16280866385,3666.34457554345
"160231","0174","Turkey meat and meat offal prepared or preserved, excluding livers","Poultry,prprd,prsrvd,nes","010599","00149",0.78,1,"Blue",734.019423896823,347.745942943393,210.311272175648,313.340547896255,232.752267537234,148.965393970279,89.847697506273,165.569710725079
"160231","0174","Turkey meat and meat offal prepared or preserved, excluding livers","Poultry,prprd,prsrvd,nes","010599","00149",0.78,1,"Grey",717.550417499567,573.882997397442,325.231671216489,466.549596791946,217.071485207346,128.923096494347,73.0858128610944,147.459419846637
"160239","0174a","Dom fowl,duck,goose&guinea fowl meat&meat offal prep/presvd exc livers","Poultry,prprd,prsrvd,nes","010511","00149",0.78,1,"Green",7918.82956946781,4065.29967318511,2337.21081312153,3545.39494981384,5397.13816264051,3205.46829755545,1817.16280866385,3666.34457554345
"160239","0174a","Dom fowl,duck,goose&guinea fowl meat&meat offal prep/presvd exc livers","Poultry,prprd,prsrvd,nes","010511","00149",0.78,1,"Blue",734.019423896823,347.745942943393,210.311272175648,313.340547896255,232.752267537234,148.965393970279,89.847697506273,165.569710725079
"160239","0174a","Dom fowl,duck,goose&guinea fowl meat&meat offal prep/presvd exc livers","Poultry,prprd,prsrvd,nes","010511","00149",0.78,1,"Grey",717.550417499567,573.882997397442,325.231671216489,466.549596791946,217.071485207346,128.923096494347,73.0858128610944,147.459419846637
"160241","0175","Hams and cuts thereof of swine prepared or preserved","Pork,prepred,presrvd,nes","020312","01221",0.88,1,"Green",8252.8691559642,5612.66395886617,4363.03946749053,5286.65515769591,6538.2120661823,4284.59690721701,2914.60375134588,4787.09286952037
"160241","0175","Hams and cuts thereof of swine prepared or preserved","Pork,prepred,presrvd,nes","020312","01221",0.88,1,"Blue",470.50672878425,474.506995293982,530.848666593797,500.222695738885,246.659201835063,332.215139875874,297.619713623144,302.865265546443
"160241","0175","Hams and cuts thereof of swine prepared or preserved","Pork,prepred,presrvd,nes","020312","01221",0.88,1,"Grey",681.12252933661,626.512370937404,740.579631649439,669.984545765359,329.993580377028,220.241855475983,149.819866856652,244.236167601471
"160242","0175a","Shoulders and cut thereof of swine prepared or preserved","Pork,prepred,presrvd,nes","020312","01221",0.98,1,"Green",7410.73965025357,5039.94314673697,3917.83135856293,4747.20054976775,5871.04756963309,3847.39314117446,2617.19520529017,4298.6140052836
"160242","0175a","Shoulders and cut thereof of swine prepared or preserved","Pork,prepred,presrvd,nes","020312","01221",0.98,1,"Blue",417.393797275653,420.985873325209,471.578394492389,444.077522704305,216.387854709036,293.213594990581,262.148314273844,266.858605796806
"160242","0175a","Shoulders and cut thereof of swine prepared or preserved","Pork,prepred,presrvd,nes","020312","01221",0.98,1,"Grey",611.620230424711,562.582537168281,665.010281481129,601.618775789302,296.320766052842,197.768196753944,134.532125340667,219.314109682954
"160249","0175b","Swine meat&meat offal nes/exc livers/ incl mixtures,prepard o preservd","Pork,prepred,presrvd,nes","020630","01221",0.3,0.327494255630086,"Green",1795.51339666064,1195.34148131926,922.755461728901,1124.67813800492,1307.29870817402,856.694145915309,582.767533448705,951.854527196279
"160249","0175b","Swine meat&meat offal nes/exc livers/ incl mixtures,prepard o preservd","Pork,prepred,presrvd,nes","020630","01221",0.3,0.327494255630086,"Blue",97.8368789044506,96.699876797439,107.969224019175,102.068656612019,45.4464013232259,62.5530913701696,55.6358247549049,56.5260787315199
"160249","0175b","Swine meat&meat offal nes/exc livers/ incl mixtures,prepard o preservd","Pork,prepred,presrvd,nes","020630","01221",0.3,0.327494255630086,"Grey",148.186600693584,133.429728027481,156.627943671284,142.531893786669,65.9813687543032,44.0367932754621,29.9560975413372,48.563357380577
"160250","0176","Bovine meat and meat offal nes,excluding livers, prepared or preserved","Bov.meat,prpd,prsrvd,nes","020610","01251",0.6,1,"Green",22838.1756094185,18245.6629961771,10364.6836404085,17387.5516810929,22386.1959210213,19176.1348308372,11571.5173403831,18647.7565676299
"160250","0176","Bovine meat and meat offal nes,excluding livers, prepared or preserved","Bov.meat,prpd,prsrvd,nes","020610","01251",0.6,1,"Blue",502.401905040107,622.137239374452,797.7653070813,660.252275640611,531.690402207794,625.155560598031,488.652501509015,563.059342899188
"160250","0176","Bovine meat and meat offal nes,excluding livers, prepared or preserved","Bov.meat,prpd,prsrvd,nes","020610","01251",0.6,1,"Grey",262.518710415951,494.736030376567,833.894287542425,543.906222023049,645.632787612457,701.004224946887,555.502234134132,637.832001972447
"410110","2112","Bovine skins, whole, raw","Whole bovin.hide<8kg dry","010210","00119",0.06,0.0545530733512751,"Green",8362.12195803127,6680.5887557958,3794.99440497183,6366.39415492142,8196.6311000237,7021.27791998335,4236.87254597744,6827.81397818363
"410110","2112","Bovine skins, whole, raw","Whole bovin.hide<8kg dry","010210","00119",0.06,0.0545530733512751,"Blue",183.95278474696,227.793478746025,292.099110970535,241.74917236811,194.676670466739,228.89862701232,178.918486423684,206.162303655736
"410110","2112","Bovine skins, whole, raw","Whole bovin.hide<8kg dry","010210","00119",0.06,0.0545530733512751,"Grey",96.1203517437694,181.145950262988,305.327616872323,199.149452218639,236.396295503244,256.67036292004,203.395293443351,233.540063814434
"410121","21111","Bovine hides, whole, fresh or wet-salted","Bovine hides,skins,fresh","410130","21112",0.8,1,"Green",10452.6524475391,8350.73594474475,4743.74300621479,7957.99269365177,10245.7888750296,8776.59739997918,5296.0906824718,8534.76747272953
"410121","21111","Bovine hides, whole, fresh or wet-salted","Bovine hides,skins,fresh","410130","21112",0.8,1,"Blue",242.4409809337,297.241848432531,377.623888713169,314.686465460137,255.845838083423,298.6232837654,236.148108029605,270.20287956967
"410121","21111","Bovine hides, whole, fresh or wet-salted","Bovine hides,skins,fresh","410130","21112",0.8,1,"Grey",120.150439679712,226.432437828736,381.659521090403,248.936815273299,295.495369379055,320.83795365005,254.244116804189,291.925079768043
"410122","21111a","Butts and bends, bovine, fresh or wet-salted","Bovine hides,skins,fresh","410130","21112",0.8,1,"Green",10452.6524475391,8350.73594474475,4743.74300621479,7957.99269365177,10245.7888750296,8776.59739997918,5296.0906824718,8534.76747272953
"410122","21111a","Butts and bends, bovine, fresh or wet-salted","Bovine hides,skins,fresh","410130","21112",0.8,1,"Blue",242.4409809337,297.241848432531,377.623888713169,314.686465460137,255.845838083423,298.6232837654,236.148108029605,270.20287956967
"410122","21111a","Butts and bends, bovine, fresh or wet-salted","Bovine hides,skins,fresh","410130","21112",0.8,1,"Grey",120.150439679712,226.432437828736,381.659521090403,248.936815273299,295.495369379055,320.83795365005,254.244116804189,291.925079768043
"410129","21111a","Hide sections, bovine, nes, fresh or wet-salted","Bovine hides,skins,fresh","410130","21112",0.8,1,"Green",10452.6524475391,8350.73594474475,4743.74300621479,7957.99269365177,10245.7888750296,8776.59739997918,5296.0906824718,8534.76747272953
"410129","21111a","Hide sections, bovine, nes, fresh or wet-salted","Bovine hides,skins,fresh","410130","21112",0.8,1,"Blue",242.4409809337,297.241848432531,377.623888713169,314.686465460137,255.845838083423,298.6232837654,236.148108029605,270.20287956967
"410129","21111a","Hide sections, bovine, nes, fresh or wet-salted","Bovine hides,skins,fresh","410130","21112",0.8,1,"Grey",120.150439679712,226.432437828736,381.659521090403,248.936815273299,295.495369379055,320.83795365005,254.244116804189,291.925079768043
"410130","21112","Bovine hides, raw, nes","Bovine hides,skins,other","010210","00119",0.06,0.0545530733512751,"Green",8362.12195803127,6680.5887557958,3794.99440497183,6366.39415492142,8196.6311000237,7021.27791998335,4236.87254597744,6827.81397818363
"410130","21112","Bovine hides, raw, nes","Bovine hides,skins,other","010210","00119",0.06,0.0545530733512751,"Blue",183.95278474696,227.793478746025,292.099110970535,241.74917236811,194.676670466739,228.89862701232,178.918486423684,206.162303655736
"410130","21112","Bovine hides, raw, nes","Bovine hides,skins,other","010210","00119",0.06,0.0545530733512751,"Grey",96.1203517437694,181.145950262988,305.327616872323,199.149452218639,236.396295503244,256.67036292004,203.395293443351,233.540063814434
"410140","21113","Equine hides and skins, raw","Equine hides,skins","010210","00119",0.06,0.112524882095728,"Green",17248.2818949297,13779.8370631744,7827.8137553074,13131.7578946397,16906.9291875338,14482.5657212767,8739.26168413749,14083.5138273419
"410140","21113","Equine hides and skins, raw","Equine hides,skins","010210","00119",0.06,0.112524882095728,"Blue",379.433534047605,469.862333383517,602.50350719165,498.648296903435,401.553350624319,472.141887416383,369.049447680671,425.244399377239
"410140","21113","Equine hides and skins, raw","Equine hides,skins","010210","00119",0.06,0.112524882095728,"Grey",198.264379667893,373.643966201677,629.789523825697,410.779214693089,487.607088753465,529.425760104683,419.536975784412,481.715630870755
"410210","2116","Sheep or lamb skins, raw, with wool on, nes","Sheep skin,excpt.furskin","010410","00121",0.08,0.0580917173745151,"Green",5174.41564212016,2534.54950560756,1471.30659195869,3106.66688081375,3834.27277887324,2160.70631435655,1154.85138351215,2641.00857860585
"410210","2116","Sheep or lamb skins, raw, with wool on, nes","Sheep skin,excpt.furskin","010410","00121",0.08,0.0580917173745151,"Blue",129.13015007524,149.357602416107,247.565447027126,157.600605758377,150.873300142937,166.705833529607,210.590407832886,174.402672045712
"410210","2116","Sheep or lamb skins, raw, with wool on, nes","Sheep skin,excpt.furskin","010410","00121",0.08,0.0580917173745151,"Grey",6.63809393887693,21.83623237886,69.1422926628344,24.1762648243657,26.3543335190331,64.7413048204031,86.7538722563048,52.6486711624012
"410221","2117","Sheep or lamb skins, pickled, without wool on","Sheep skin without wool","410210","2116",0.95,1,"Green",5446.75330749491,2667.94684800796,1548.74378100915,3270.17566401447,4036.07660934026,2274.42769932269,1215.63303527594,2780.00903011142
"410221","2117","Sheep or lamb skins, pickled, without wool on","Sheep skin without wool","410210","2116",0.95,1,"Blue",141.189631658147,162.481686753797,265.858365291712,171.158532377239,164.077158045197,180.742982662744,226.937271403038,188.844917942855
"410221","2117","Sheep or lamb skins, pickled, without wool on","Sheep skin without wool","410210","2116",0.95,1,"Grey",6.98746730408098,22.9855077672211,72.7813606977204,25.4486998151218,27.7414037042454,68.1487419162138,91.3198655329524,55.4196538551591
"410229","2117a","Sheep or lamb skins, raw, o/t pickled, without wool on","Sheep skin without wool","410210","2116",0.95,1,"Green",5446.75330749491,2667.94684800796,1548.74378100915,3270.17566401447,4036.07660934026,2274.42769932269,1215.63303527594,2780.00903011142
"410229","2117a","Sheep or lamb skins, raw, o/t pickled, without wool on","Sheep skin without wool","410210","2116",0.95,1,"Blue",141.189631658147,162.481686753797,265.858365291712,171.158532377239,164.077158045197,180.742982662744,226.937271403038,188.844917942855
"410229","2117a","Sheep or lamb skins, raw, o/t pickled, without wool on","Sheep skin without wool","410210","2116",0.95,1,"Grey",6.98746730408098,22.9855077672211,72.7813606977204,25.4486998151218,27.7414037042454,68.1487419162138,91.3198655329524,55.4196538551591
"410310","2114","Goat or kid hides and skins, raw, nes","Goat,kid skin,ex.furskin","010420","00122",0.08,0.12717310951188,"Green",8361.03903419082,4267.57006276051,2143.66314328254,4610.59375312263,4620.5765417412,2353.53566701398,1030.01011059084,2878.6679044485
"410310","2114","Goat or kid hides and skins, raw, nes","Goat,kid skin,ex.furskin","010420","00122",0.08,0.12717310951188,"Blue",256.887767057583,284.457541640834,364.329537704686,293.999924933771,315.58412133383,357.128028572359,468.025980508104,385.012852092643
"410310","2114","Goat or kid hides and skins, raw, nes","Goat,kid skin,ex.furskin","010420","00122",0.08,0.12717310951188,"Grey",0.321834426103619,3.29526160828308,16.2747564983949,5.13818083786901,1.18686988053844,2.17074162362215,6.30242456629104,3.33643295419249
"410410","6113","Bovine skin leather, whole","Whole bovine skin leathr","410110","2112",0.4,1,"Green",20905.3048950782,16701.4718894895,9487.48601242958,15915.9853873035,20491.5777500592,17553.1947999584,10592.1813649436,17069.5349454591
"410410","6113","Bovine skin leather, whole","Whole bovine skin leathr","410110","2112",0.4,1,"Blue",534.881961867399,644.483696865063,805.247777426338,679.372930920274,561.691676166847,647.2465675308,522.296216059209,590.40575913934
"410410","6113","Bovine skin leather, whole","Whole bovine skin leathr","410110","2112",0.4,1,"Grey",240.300879359424,452.864875657471,763.319042180807,497.873630546597,590.99073875811,641.675907300101,508.488233608377,583.850159536085
"410421","61141","Bovine leather, vegetable pre-tanned, nes","Oth.bov.,eqn.lthr,tanned","410121","21111",0.5,1,"Green",20905.3048950782,16701.4718894895,9487.48601242958,15915.9853873035,20491.5777500592,17553.1947999584,10592.1813649436,17069.5349454591
"410421","61141","Bovine leather, vegetable pre-tanned, nes","Oth.bov.,eqn.lthr,tanned","410121","21111",0.5,1,"Blue",524.881961867399,634.483696865063,795.247777426338,669.372930920274,551.691676166847,637.2465675308,512.296216059209,580.40575913934
"410421","61141","Bovine leather, vegetable pre-tanned, nes","Oth.bov.,eqn.lthr,tanned","410121","21111",0.5,1,"Grey",240.300879359424,452.864875657471,763.319042180807,497.873630546597,590.99073875811,641.675907300101,508.488233608377,583.850159536085
"410422","61141a","Bovine leather, otherwise pre-tanned, nes","Oth.bov.,eqn.lthr,tanned","410121","21111",0.5,1,"Green",20905.3048950782,16701.4718894895,9487.48601242958,15915.9853873035,20491.5777500592,17553.1947999584,10592.1813649436,17069.5349454591
"410422","61141a","Bovine leather, otherwise pre-tanned, nes","Oth.bov.,eqn.lthr,tanned","410121","21111",0.5,1,"Blue",504.881961867399,614.483696865063,775.247777426338,649.372930920274,531.691676166847,617.2465675308,492.296216059209,560.40575913934
"410422","61141a","Bovine leather, otherwise pre-tanned, nes","Oth.bov.,eqn.lthr,tanned","410121","21111",0.5,1,"Grey",240.300879359424,452.864875657471,763.319042180807,497.873630546597,590.99073875811,641.675907300101,508.488233608377,583.850159536085
"410429","61141b","Bovine and equine leather, tanned or retanned, nes","Oth.bov.,eqn.lthr,tanned","410121","21111",0.5,1,"Green",20905.3048950782,16701.4718894895,9487.48601242958,15915.9853873035,20491.5777500592,17553.1947999584,10592.1813649436,17069.5349454591
"410429","61141b","Bovine and equine leather, tanned or retanned, nes","Oth.bov.,eqn.lthr,tanned","410121","21111",0.5,1,"Blue",504.881961867399,614.483696865063,775.247777426338,649.372930920274,531.691676166847,617.2465675308,492.296216059209,560.40575913934
"410429","61141b","Bovine and equine leather, tanned or retanned, nes","Oth.bov.,eqn.lthr,tanned","410121","21111",0.5,1,"Grey",240.300879359424,452.864875657471,763.319042180807,497.873630546597,590.99073875811,641.675907300101,508.488233608377,583.850159536085
"410431","61142","Bovine and equine leather, full/split grains, nes","Oth.bov.,eqn.lthr,preprd","410121","21111",0.5,1,"Green",20905.3048950782,16701.4718894895,9487.48601242958,15915.9853873035,20491.5777500592,17553.1947999584,10592.1813649436,17069.5349454591
"410431","61142","Bovine and equine leather, full/split grains, nes","Oth.bov.,eqn.lthr,preprd","410121","21111",0.5,1,"Blue",544.881961867399,654.483696865063,815.247777426338,689.372930920274,571.691676166847,657.2465675308,532.296216059209,600.40575913934
"410431","61142","Bovine and equine leather, full/split grains, nes","Oth.bov.,eqn.lthr,preprd","410121","21111",0.5,1,"Grey",240.300879359424,452.864875657471,763.319042180807,497.873630546597,590.99073875811,641.675907300101,508.488233608377,583.850159536085
"410439","61142a","Bovine and equine leather, nes","Oth.bov.,eqn.lthr,preprd","410140","21111",0.4,1,"Green",43120.7047373243,34449.592657936,19569.5343882685,32829.3947365993,42267.3229688346,36206.4143031916,21848.1542103437,35208.7845683547
"410439","61142a","Bovine and equine leather, nes","Oth.bov.,eqn.lthr,preprd","410140","21111",0.4,1,"Blue",1023.58383511901,1249.65583345879,1581.25876797912,1321.62074225859,1078.8833765608,1255.35471854096,997.623619201677,1138.1109984431
"410439","61142a","Bovine and equine leather, nes","Oth.bov.,eqn.lthr,preprd","410140","21111",0.4,1,"Grey",495.660949169731,934.109915504194,1574.47380956424,1026.94803673272,1219.01772188366,1323.56440026171,1048.84243946103,1204.28907717689
"410511","61151","Sheep or lamb skin leather, vegetable pre-tanned","Sheepskin leather,tanned","410221","2117",0.9,1,"Green",6051.94811943879,2964.38538667551,1720.8264233435,3633.52851557164,4484.52956593362,2527.14188813632,1350.70337252882,3088.89892234603
"410511","61151","Sheep or lamb skin leather, vegetable pre-tanned","Sheepskin leather,tanned","410221","2117",0.9,1,"Blue",179.099590731275,202.757429726441,317.62040587968,212.398369308043,204.530175605775,223.04775851416,274.374746003375,232.049908825395
"410511","61151","Sheep or lamb skin leather, vegetable pre-tanned","Sheepskin leather,tanned","410221","2117",0.9,1,"Grey",7.76385256008997,25.5394530746901,80.8681785530226,28.2763331279131,30.823781893606,75.7208243513487,101.466517258836,61.577393172399
"410512","61151a","Sheep or lamb skin leather, otherwise pre-tanned","Sheepskin leather,tanned","410221","2117",0.9,1,"Green",6051.94811943879,2964.38538667551,1720.8264233435,3633.52851557164,4484.52956593362,2527.14188813632,1350.70337252882,3088.89892234603
"410512","61151a","Sheep or lamb skin leather, otherwise pre-tanned","Sheepskin leather,tanned","410221","2117",0.9,1,"Blue",179.099590731275,202.757429726441,317.62040587968,212.398369308043,204.530175605775,223.04775851416,274.374746003375,232.049908825395
"410512","61151a","Sheep or lamb skin leather, otherwise pre-tanned","Sheepskin leather,tanned","410221","2117",0.9,1,"Grey",7.76385256008997,25.5394530746901,80.8681785530226,28.2763331279131,30.823781893606,75.7208243513487,101.466517258836,61.577393172399
"410519","61151a","Sheep or lamb skin leather, tanned or retanned, nes","Sheepskin leather,tanned","410221","2117",0.9,1,"Green",6051.94811943879,2964.38538667551,1720.8264233435,3633.52851557164,4484.52956593362,2527.14188813632,1350.70337252882,3088.89892234603
"410519","61151a","Sheep or lamb skin leather, tanned or retanned, nes","Sheepskin leather,tanned","410221","2117",0.9,1,"Blue",179.099590731275,202.757429726441,317.62040587968,212.398369308043,204.530175605775,223.04775851416,274.374746003375,232.049908825395
"410519","61151a","Sheep or lamb skin leather, tanned or retanned, nes","Sheepskin leather,tanned","410221","2117",0.9,1,"Grey",7.76385256008997,25.5394530746901,80.8681785530226,28.2763331279131,30.823781893606,75.7208243513487,101.466517258836,61.577393172399
"410520","61152","Sheep or lamb skin leather, nes","Sheepskin leather,preprd","410221","2117",0.9,1,"Green",6051.94811943879,2964.38538667551,1720.8264233435,3633.52851557164,4484.52956593362,2527.14188813632,1350.70337252882,3088.89892234603
"410520","61152","Sheep or lamb skin leather, nes","Sheepskin leather,preprd","410221","2117",0.9,1,"Blue",179.099590731275,202.757429726441,317.62040587968,212.398369308043,204.530175605775,223.04775851416,274.374746003375,232.049908825395
"410520","61152","Sheep or lamb skin leather, nes","Sheepskin leather,preprd","410221","2117",0.9,1,"Grey",7.76385256008997,25.5394530746901,80.8681785530226,28.2763331279131,30.823781893606,75.7208243513487,101.466517258836,61.577393172399
"410611","61161","Goat or kid skin leather, vegetable pre-tanned","Goatskin leather,tanned","410310","2114",0.9,1,"Green",9290.04337132313,4741.74451417835,2381.8479369806,5122.88194791403,5133.973935268,2615.03963001553,1144.45567843426,3198.51989383167
"410611","61161","Goat or kid skin leather, vegetable pre-tanned","Goatskin leather,tanned","410310","2114",0.9,1,"Blue",307.653074508425,338.286157378705,427.032819671873,348.888805481968,372.871245926477,419.031142858177,542.251089453448,450.014280102936
"410611","61161","Goat or kid skin leather, vegetable pre-tanned","Goatskin leather,tanned","410310","2114",0.9,1,"Grey",0.357593806781799,3.66140178698121,18.0830627759944,5.70908981985446,1.31874431170938,2.41193513735794,7.0026939625456,3.70714772688054
"410612","61161a","Goat or kid skin leather, otherwise pre-tanned","Goatskin leather,tanned","410310","2114",0.9,1,"Green",9290.04337132313,4741.74451417835,2381.8479369806,5122.88194791403,5133.973935268,2615.03963001553,1144.45567843426,3198.51989383167
"410612","61161a","Goat or kid skin leather, otherwise pre-tanned","Goatskin leather,tanned","410310","2114",0.9,1,"Blue",307.653074508425,338.286157378705,427.032819671873,348.888805481968,372.871245926477,419.031142858177,542.251089453448,450.014280102936
"410612","61161a","Goat or kid skin leather, otherwise pre-tanned","Goatskin leather,tanned","410310","2114",0.9,1,"Grey",0.357593806781799,3.66140178698121,18.0830627759944,5.70908981985446,1.31874431170938,2.41193513735794,7.0026939625456,3.70714772688054
"410619","61161b","Goat or kid skin leather, tanned or retanned, nes","Goatskin leather,tanned","410310","2114",0.9,1,"Green",9290.04337132313,4741.74451417835,2381.8479369806,5122.88194791403,5133.973935268,2615.03963001553,1144.45567843426,3198.51989383167
"410619","61161b","Goat or kid skin leather, tanned or retanned, nes","Goatskin leather,tanned","410310","2114",0.9,1,"Blue",307.653074508425,338.286157378705,427.032819671873,348.888805481968,372.871245926477,419.031142858177,542.251089453448,450.014280102936
"410619","61161b","Goat or kid skin leather, tanned or retanned, nes","Goatskin leather,tanned","410310","2114",0.9,1,"Grey",0.357593806781799,3.66140178698121,18.0830627759944,5.70908981985446,1.31874431170938,2.41193513735794,7.0026939625456,3.70714772688054
"410620","61162","Goat or kid skin leather, nes","Goatskin leather,preprd","410310","2114",0.9,1,"Green",9290.04337132313,4741.74451417835,2381.8479369806,5122.88194791403,5133.973935268,2615.03963001553,1144.45567843426,3198.51989383167
"410620","61162","Goat or kid skin leather, nes","Goatskin leather,preprd","410310","2114",0.9,1,"Blue",307.653074508425,338.286157378705,427.032819671873,348.888805481968,372.871245926477,419.031142858177,542.251089453448,450.014280102936
"410620","61162","Goat or kid skin leather, nes","Goatskin leather,preprd","410310","2114",0.9,1,"Grey",0.357593806781799,3.66140178698121,18.0830627759944,5.70908981985446,1.31874431170938,2.41193513735794,7.0026939625456,3.70714772688054
"410710","61171","Swine leather, nes","Leather of swine","010310","00131",0.02,0.096847065699201,"Green",24391.4381039147,16238.3069983582,12535.3187404057,15278.3695409864,17759.2078026589,11637.8982595966,7916.69850390522,12930.6196362661
"410710","61171","Swine leather, nes","Leather of swine","010310","00131",0.02,0.096847065699201,"Blue",1329.08068551111,1313.63489904759,1466.72514373289,1386.56794470708,617.373887035741,849.762446329651,755.79373475763,767.887531889834
"410710","61171","Swine leather, nes","Leather of swine","010310","00131",0.02,0.096847065699201,"Grey",2013.06451144804,1812.59742113725,2127.73728144097,1936.24724360013,896.334427231417,598.224841692078,406.94338475741,659.716673721098
