"","hs_pc_tas_code","sitc_rev_3_sita_code","product_discription_hs","product_description_sitc","rootproduct_hs","rootproduct_sitc","product_fraction","value_fraction","wf_type","world_grazing","world_mixed","world_industrial","world_wgt_avg","country_grazing","country_mixed","country_industrial","country_wgt_avg"
"1","010111","00151","Horses, live pure-bred breeding","Horses","010111","00151",1,1,"Green",40316.9343378169,34717.2945251717,33336.7222165936,37179.1515712879,0,20438.2174476155,0,20438.2174476155
"2","010111","00151","Horses, live pure-bred breeding","Horses","010111","00151",1,1,"Blue",1469.94896120251,3534.12893198313,2182.58891293015,2461.90724859591,0,571.675170422891,0,571.675170422891
"3","010111","00151","Horses, live pure-bred breeding","Horses","010111","00151",1,1,"Grey",675.138510606094,1179.42703791874,1468.60020861898,970.931684496167,0,223.850798144693,0,223.850798144693
"4","010119","00151a","Horses, live except pure-bred breeding","Horses","010111","00151",1,1,"Green",40316.9343378169,34717.2945251717,33336.7222165936,37179.1515712879,0,20438.2174476155,0,20438.2174476155
"5","010119","00151a","Horses, live except pure-bred breeding","Horses","010111","00151",1,1,"Blue",1469.94896120251,3534.12893198313,2182.58891293015,2461.90724859591,0,571.675170422891,0,571.675170422891
"6","010119","00151a","Horses, live except pure-bred breeding","Horses","010111","00151",1,1,"Grey",675.138510606094,1179.42703791874,1468.60020861898,970.931684496167,0,223.850798144693,0,223.850798144693
"7","010120","00152","Asses, mules and hinnies, live","Asses, mules, hinnies","010111","00151",1,1,"Green",40316.9343378169,34717.2945251717,33336.7222165936,37179.1515712879,0,20438.2174476155,0,20438.2174476155
"8","010120","00152","Asses, mules and hinnies, live","Asses, mules, hinnies","010111","00151",1,1,"Blue",1469.94896120251,3534.12893198313,2182.58891293015,2461.90724859591,0,571.675170422891,0,571.675170422891
"9","010120","00152","Asses, mules and hinnies, live","Asses, mules, hinnies","010111","00151",1,1,"Grey",675.138510606094,1179.42703791874,1468.60020861898,970.931684496167,0,223.850798144693,0,223.850798144693
"10","010210","00111","Bovine, live pure-bred breeding","Bov.animals,pure,breedng","010210","00111",1,1,"Green",9197.0495273691,7347.62132953925,4173.9108415051,7002.05553655314,3793.03648928548,2724.06180506741,3962.11665888997,3513.44963984941
"11","010210","00111","Bovine, live pure-bred breeding","Bov.animals,pure,breedng","010210","00111",1,1,"Blue",192.319803574542,240.537831970599,311.264148499573,255.886951019004,184.724154710094,165.669703889828,121.880961009451,167.757581301746
"12","010210","00111","Bovine, live pure-bred breeding","Bov.animals,pure,breedng","010210","00111",1,1,"Grey",105.717620481072,199.232716840604,335.813472769471,219.033803213564,96.3175632231651,110.889793618401,553.965105808807,216.76013111262
"13","010290","00119","Bovine, live except pure-bred breeding","Other bovine animals","010210","00111",1,1,"Green",9197.0495273691,7347.62132953925,4173.9108415051,7002.05553655314,3793.03648928548,2724.06180506741,3962.11665888997,3513.44963984941
"14","010290","00119","Bovine, live except pure-bred breeding","Other bovine animals","010210","00111",1,1,"Blue",192.319803574542,240.537831970599,311.264148499573,255.886951019004,184.724154710094,165.669703889828,121.880961009451,167.757581301746
"15","010290","00119","Bovine, live except pure-bred breeding","Other bovine animals","010210","00111",1,1,"Grey",105.717620481072,199.232716840604,335.813472769471,219.033803213564,96.3175632231651,110.889793618401,553.965105808807,216.76013111262
"16","010310","00131","Swine, live pure-bred breeding","Swine,pure,for breeding","010310","00131",1,1,"Green",5037.10420709543,3353.39163476424,2588.68322956513,3155.15383572689,3886.97142757545,2724.83879118656,1781.68046951545,2932.12861706744
"17","010310","00131","Swine, live pure-bred breeding","Swine,pure,for breeding","010310","00131",1,1,"Blue",264.469995743417,261.280268444608,292.895112648723,276.341756396347,167.82283929097,148.689265182029,135.289234614513,152.526077944527
"18","010310","00131","Swine, live pure-bred breeding","Swine,pure,for breeding","010310","00131",1,1,"Grey",415.720289905418,374.321598295405,439.401496798994,399.856666719041,628.607221906343,475.386332772803,310.839139297135,496.843268723283
"19","010391","00139","Swine, live except pure-bred breeding weighing less than 50 kg","Other swine, live","010310","00131",1,1,"Green",5037.10420709543,3353.39163476424,2588.68322956513,3155.15383572689,3886.97142757545,2724.83879118656,1781.68046951545,2932.12861706744
"20","010391","00139","Swine, live except pure-bred breeding weighing less than 50 kg","Other swine, live","010310","00131",1,1,"Blue",264.469995743417,261.280268444608,292.895112648723,276.341756396347,167.82283929097,148.689265182029,135.289234614513,152.526077944527
"21","010391","00139","Swine, live except pure-bred breeding weighing less than 50 kg","Other swine, live","010310","00131",1,1,"Grey",415.720289905418,374.321598295405,439.401496798994,399.856666719041,628.607221906343,475.386332772803,310.839139297135,496.843268723283
"22","010392","00139a","Swine, live except pure-bred breeding weighing 50 kg or more","Other swine, live","010310","00131",1,1,"Green",5037.10420709543,3353.39163476424,2588.68322956513,3155.15383572689,3886.97142757545,2724.83879118656,1781.68046951545,2932.12861706744
"23","010392","00139a","Swine, live except pure-bred breeding weighing 50 kg or more","Other swine, live","010310","00131",1,1,"Blue",264.469995743417,261.280268444608,292.895112648723,276.341756396347,167.82283929097,148.689265182029,135.289234614513,152.526077944527
"24","010392","00139a","Swine, live except pure-bred breeding weighing 50 kg or more","Other swine, live","010310","00131",1,1,"Grey",415.720289905418,374.321598295405,439.401496798994,399.856666719041,628.607221906343,475.386332772803,310.839139297135,496.843268723283
"25","010410","00121","Sheep, live","Sheep, live","010410","00121",1,1,"Green",7125.85666388328,3490.41084706436,2026.18432844494,4278.29235728761,5174.24989531292,3445.08493270453,2593.33727392798,3438.68475666659
"26","010410","00121","Sheep, live","Sheep, live","010410","00121",1,1,"Blue",167.829344231974,195.68522903629,330.930457168041,207.036937974936,159.432876276809,251.040213535028,329.435852196348,250.028220398647
"27","010410","00121","Sheep, live","Sheep, live","010410","00121",1,1,"Grey",9.14153581803255,30.0713883021673,95.2181078993779,33.2939233570971,87.5476688361425,201.042590559977,269.398697908545,191.520776076621
"28","010420","00122","Goats, live","Goats, live","010420","00122",1,1,"Green",5259.62701787032,2684.57385630685,1348.50089080021,2900.35764373092,0,0,0,0
"29","010420","00122","Goats, live","Goats, live","010420","00122",1,1,"Blue",151.598795873485,168.941943140432,219.186524794788,174.944711071207,0,0,0,0
"30","010420","00122","Goats, live","Goats, live","010420","00122",1,1,"Grey",0.202454388251664,2.07292980154755,10.2378602274404,3.23224358205318,0,0,0,0
"31","010511","00141","Fowls, live domestic weighing not more than 185 g","Poultry, live, to 185g","010599","00149",10,1,"Green",617.668706418489,317.093374508439,182.302443423479,276.540806085479,434.863873493593,258.274351745315,156.050553753921,262.261805898985
"32","010511","00141","Fowls, live domestic weighing not more than 185 g","Poultry, live, to 185g","010599","00149",10,1,"Blue",56.2535150639522,26.1241835495847,15.4042792297005,23.4405627359079,7.08939429739311,4.60843439094263,2.72917096474136,4.61787119706624
"33","010511","00141","Fowls, live domestic weighing not more than 185 g","Poultry, live, to 185g","010599","00149",10,1,"Grey",55.9689325649662,44.7628737970005,25.3680703548861,36.3908685497718,59.5005879174219,35.3385891759153,21.3517384615174,35.884175693671
"34","010519","00141a","Poultry, live except domestic fowls, weighing not more than 185 g","Poultry, live, to 185g","010599","00149",1,1,"Green",6176.68706418489,3170.93374508439,1823.02443423479,2765.40806085479,4348.63873493593,2582.74351745315,1560.50553753921,2622.61805898985
"35","010519","00141a","Poultry, live except domestic fowls, weighing not more than 185 g","Poultry, live, to 185g","010599","00149",1,1,"Blue",562.535150639522,261.241835495847,154.042792297005,234.405627359079,70.8939429739311,46.0843439094263,27.2917096474136,46.1787119706624
"36","010519","00141a","Poultry, live except domestic fowls, weighing not more than 185 g","Poultry, live, to 185g","010599","00149",1,1,"Grey",559.689325649662,447.628737970005,253.680703548861,363.908685497718,595.005879174219,353.385891759153,213.517384615174,358.84175693671
"37","010599","00149","Poultry, live except domestic fowls, weighing more than 185 g","Poultry, live,over 185g","010599","00149",1,1,"Green",6176.68706418489,3170.93374508439,1823.02443423479,2765.40806085479,4348.63873493593,2582.74351745315,1560.50553753921,2622.61805898985
"38","010599","00149","Poultry, live except domestic fowls, weighing more than 185 g","Poultry, live,over 185g","010599","00149",1,1,"Blue",562.535150639522,261.241835495847,154.042792297005,234.405627359079,70.8939429739311,46.0843439094263,27.2917096474136,46.1787119706624
"39","010599","00149","Poultry, live except domestic fowls, weighing more than 185 g","Poultry, live,over 185g","010599","00149",1,1,"Grey",559.689325649662,447.628737970005,253.680703548861,363.908685497718,595.005879174219,353.385891759153,213.517384615174,358.84175693671
"40","020110","01111","Bovine carcasses and half carcasses, fresh or chilled","Bovine meat,fh,ch,w.bone","010210","00119",0.565092110810095,0.825889685186019,"Green",14995.832018914,10509.9648587358,6282.89715536289,10233.5979075141,6029.72335549607,4330.39311228031,6298.50712556929,5595.89766964919
"41","020110","01111","Bovine carcasses and half carcasses, fresh or chilled","Bovine meat,fh,ch,w.bone","010210","00119",0.565092110810095,0.825889685186019,"Blue",328.193467855134,358.678069052778,483.154282754885,388.597338507088,308.267871762054,277.977346621667,208.36715267825,281.553270856908
"42","020110","01111","Bovine carcasses and half carcasses, fresh or chilled","Bovine meat,fh,ch,w.bone","010210","00119",0.565092110810095,0.825889685186019,"Grey",172.373071761303,284.980507131893,505.492712449753,320.120835737414,153.11433521711,176.279553427911,880.628579783171,345.235491298503
"43","020120","01111a","Bovine cuts bone in, fresh or chilled","Bovine meat,fh,ch,w.bone","020110","00119",1,1,"Green",14995.832018914,10509.9648587358,6282.89715536289,10233.5979075141,6029.72335549607,4330.39311228031,6298.50712556929,5595.89766964919
"44","020120","01111a","Bovine cuts bone in, fresh or chilled","Bovine meat,fh,ch,w.bone","020110","00119",1,1,"Blue",328.193467855134,358.678069052778,483.154282754885,388.597338507088,308.267871762054,277.977346621667,208.36715267825,281.553270856908
"45","020120","01111a","Bovine cuts bone in, fresh or chilled","Bovine meat,fh,ch,w.bone","020110","00119",1,1,"Grey",172.373071761303,284.980507131893,505.492712449753,320.120835737414,153.11433521711,176.279553427911,880.628579783171,345.235491298503
"46","020130","01112","Bovine cuts boneless, fresh or chilled","Bovine meat,fh,ch,bnless","020120","01111",0.71,1,"Green",21120.8901674845,14802.7674066701,8849.15092304633,14413.5181795973,8492.56810633249,6099.14522856382,8871.13679657646,7881.5460135904
"47","020130","01112","Bovine cuts boneless, fresh or chilled","Bovine meat,fh,ch,bnless","020120","01111",0.71,1,"Blue",465.061222331175,507.997280356026,683.315891204063,550.137096488856,436.997002481767,394.334291016432,296.291764335563,399.370804023814
"48","020130","01112","Bovine cuts boneless, fresh or chilled","Bovine meat,fh,ch,bnless","020120","01111",0.71,1,"Grey",242.778974311694,401.380995960413,711.961566830638,450.87441653157,215.653993263536,248.281061166071,1240.32194335658,486.247170842962
"49","020210","01121","Bovine carcasses and half carcasses, frozen","Bovine meat,frozn,w.bone","020110","01111",1,1,"Green",14995.832018914,10509.9648587358,6282.89715536289,10233.5979075141,6029.72335549607,4330.39311228031,6298.50712556929,5595.89766964919
"50","020210","01121","Bovine carcasses and half carcasses, frozen","Bovine meat,frozn,w.bone","020110","01111",1,1,"Blue",328.193467855134,358.678069052778,483.154282754885,388.597338507088,308.267871762054,277.977346621667,208.36715267825,281.553270856908
"51","020210","01121","Bovine carcasses and half carcasses, frozen","Bovine meat,frozn,w.bone","020110","01111",1,1,"Grey",172.373071761303,284.980507131893,505.492712449753,320.120835737414,153.11433521711,176.279553427911,880.628579783171,345.235491298503
"52","020220","01121a","Bovine cuts bone in, frozen","Bovine meat,frozn,w.bone","020120","01111",1,1,"Green",14995.832018914,10509.9648587358,6282.89715536289,10233.5979075141,6029.72335549607,4330.39311228031,6298.50712556929,5595.89766964919
"53","020220","01121a","Bovine cuts bone in, frozen","Bovine meat,frozn,w.bone","020120","01111",1,1,"Blue",328.193467855134,358.678069052778,483.154282754885,388.597338507088,308.267871762054,277.977346621667,208.36715267825,281.553270856908
"54","020220","01121a","Bovine cuts bone in, frozen","Bovine meat,frozn,w.bone","020120","01111",1,1,"Grey",172.373071761303,284.980507131893,505.492712449753,320.120835737414,153.11433521711,176.279553427911,880.628579783171,345.235491298503
"55","020230","01122","Bovine cuts boneless, frozen","Bovine meat,frz,boneless","020130","01112",1,1,"Green",21120.8901674845,14802.7674066701,8849.15092304633,14413.5181795973,8492.56810633249,6099.14522856382,8871.13679657646,7881.5460135904
"56","020230","01122","Bovine cuts boneless, frozen","Bovine meat,frz,boneless","020130","01112",1,1,"Blue",465.061222331175,507.997280356026,683.315891204063,550.137096488856,436.997002481767,394.334291016432,296.291764335563,399.370804023814
"57","020230","01122","Bovine cuts boneless, frozen","Bovine meat,frz,boneless","020130","01112",1,1,"Grey",242.778974311694,401.380995960413,711.961566830638,450.87441653157,215.653993263536,248.281061166071,1240.32194335658,486.247170842962
"58","020311","01221","Swine carcasses and half carcasses, fresh or chilled","Meat of swine,frsh,chlld","010310","00139",0.76,0.862853860694413,"Green",5592.14414008134,3803.14109852772,2956.39554317159,3582.23753485475,4367.85453373887,3061.94673399378,2002.10401888683,3314.95165302097
"59","020311","01221","Swine carcasses and half carcasses, fresh or chilled","Meat of swine,frsh,chlld","010310","00139",0.76,0.862853860694413,"Blue",304.965359424208,307.675940011202,345.853056483957,325.100898632669,199.938660005203,178.43794409423,163.380106557443,183.841355850203
"60","020311","01221","Swine carcasses and half carcasses, fresh or chilled","Meat of swine,frsh,chlld","010310","00139",0.76,0.862853860694413,"Grey",461.528625878487,424.524782547185,501.81675840566,453.981528210607,706.376405204826,534.19954007081,349.295118099019,561.711858531581
"61","020312","01221a","Hams, shoulders and cuts thereof, of swine bone in, fresh or chilled","Meat of swine,frsh,chlld","020311","00139",0.77,1,"Green",7262.5248572485,4939.14428380223,3839.47473139167,4652.2565387724,5672.53835550503,3976.55419999192,2600.13508946341,4305.13201691035
"62","020312","01221a","Hams, shoulders and cuts thereof, of swine bone in, fresh or chilled","Meat of swine,frsh,chlld","020311","00139",0.77,1,"Blue",409.04592133014,412.566155858704,462.146826602542,435.195972250219,272.647610396367,244.72460271978,225.168969555121,251.742020584679
"63","020312","01221a","Hams, shoulders and cuts thereof, of swine bone in, fresh or chilled","Meat of swine,frsh,chlld","020311","00139",0.77,1,"Grey",599.387825816217,551.330886424915,651.710075851506,589.586400273516,917.371954811463,693.765636455598,453.63002350522,729.495920170884
"64","020319","01221b","Swine cuts, fresh or chilled, nes","Meat of swine,frsh,chlld","020311","00139",0.73,1,"Green",7660.47142476897,5209.7823267503,4049.85690845423,4907.17470528047,5983.36237498475,4194.4475808134,2742.60824505045,4541.02966167256
"65","020319","01221b","Swine cuts, fresh or chilled, nes","Meat of swine,frsh,chlld","020311","00139",0.73,1,"Blue",431.459396471518,435.172520563291,487.469940388982,459.042326894067,287.587205486579,258.134169992096,237.506995284168,265.536103904387
"66","020319","01221b","Swine cuts, fresh or chilled, nes","Meat of swine,frsh,chlld","020311","00139",0.73,1,"Grey",632.230994354092,581.540798009842,687.420216994055,621.892504398092,967.638911239488,731.780191877822,478.486463149342,769.46829935833
"67","020321","01222","Swine carcasses and half carcasses, frozen","Meat of swine, frozen","020311","01221",1,1,"Green",5592.14414008134,3803.14109852772,2956.39554317159,3582.23753485475,4367.85453373887,3061.94673399378,2002.10401888683,3314.95165302097
"68","020321","01222","Swine carcasses and half carcasses, frozen","Meat of swine, frozen","020311","01221",1,1,"Blue",304.965359424208,307.675940011202,345.853056483957,325.100898632669,199.938660005203,178.43794409423,163.380106557443,183.841355850203
"69","020321","01222","Swine carcasses and half carcasses, frozen","Meat of swine, frozen","020311","01221",1,1,"Grey",461.528625878487,424.524782547185,501.81675840566,453.981528210607,706.376405204826,534.19954007081,349.295118099019,561.711858531581
"70","020322","01222a","Hams, shoulders and cuts thereof, of swine, bone in, frozen","Meat of swine, frozen","020312","01221",1,1,"Green",7262.5248572485,4939.14428380223,3839.47473139167,4652.2565387724,5672.53835550503,3976.55419999192,2600.13508946341,4305.13201691035
"71","020322","01222a","Hams, shoulders and cuts thereof, of swine, bone in, frozen","Meat of swine, frozen","020312","01221",1,1,"Blue",409.04592133014,412.566155858704,462.146826602542,435.195972250219,272.647610396367,244.72460271978,225.168969555121,251.742020584679
"72","020322","01222a","Hams, shoulders and cuts thereof, of swine, bone in, frozen","Meat of swine, frozen","020312","01221",1,1,"Grey",599.387825816217,551.330886424915,651.710075851506,589.586400273516,917.371954811463,693.765636455598,453.63002350522,729.495920170884
"73","020329","01222b","Swine cuts, frozen nes","Meat of swine, frozen","020319","01221",1,1,"Green",7660.47142476897,5209.7823267503,4049.85690845423,4907.17470528047,5983.36237498475,4194.4475808134,2742.60824505045,4541.02966167256
"74","020329","01222b","Swine cuts, frozen nes","Meat of swine, frozen","020319","01221",1,1,"Blue",431.459396471518,435.172520563291,487.469940388982,459.042326894067,287.587205486579,258.134169992096,237.506995284168,265.536103904387
"75","020329","01222b","Swine cuts, frozen nes","Meat of swine, frozen","020319","01221",1,1,"Grey",632.230994354092,581.540798009842,687.420216994055,621.892504398092,967.638911239488,731.780191877822,478.486463149342,769.46829935833
"76","020410","01211a","Lamb carcasses and half carcasses, fresh or chilled","Meat of swine, frozen","010410","01221",0.76,0.889671043027805,"Green",8341.66885608378,4085.94402487278,2371.89148007132,5008.25371563941,6057.07934374941,4032.88461236659,3035.81194397156,4025.39243961497
"77","020410","01211a","Lamb carcasses and half carcasses, fresh or chilled","Meat of swine, frozen","010410","01221",0.76,0.889671043027805,"Blue",208.170550215541,240.779200331749,399.099941353471,254.067735504898,198.341478632092,305.578840852512,397.350327190206,304.394181656221
"78","020410","01211a","Lamb carcasses and half carcasses, fresh or chilled","Meat of swine, frozen","010410","01221",0.76,0.889671043027805,"Grey",10.7012627711909,35.2021623632675,111.464201802597,38.9745256836795,102.485034010663,235.344435837509,315.363448103458,224.198011333661
"79","020421","01211","Sheep carcasses and half carcasses, fresh or chilled","Meat of sheep,frsh,chlld","010410","00121",0.5,0.886221470792938,"Green",12695.7870811841,6227.42557110598,3685.27294119678,7850.56136752379,10053.2785354625,6693.60759676048,5038.70947068323,6919.59112591763
"80","020421","01211","Sheep carcasses and half carcasses, fresh or chilled","Meat of sheep,frsh,chlld","010410","00121",0.5,0.886221470792938,"Blue",316.737687869859,366.856738643368,619.628729087971,397.63212416417,327.493602793551,505.481542298206,657.799889377199,521.497718494158
"81","020421","01211","Sheep carcasses and half carcasses, fresh or chilled","Meat of sheep,frsh,chlld","010410","00121",0.5,0.886221470792938,"Grey",16.2870231349156,53.6519454805949,173.184991921661,61.0935314028503,170.10023051601,390.614524091933,523.426622594874,385.393124507673
"82","020422","01211b","Sheep cuts, bone in, fresh or chilled","Meat of sheep,frsh,chlld","020421","00121",1,1,"Green",12695.7870811841,6227.42557110598,3685.27294119678,7850.56136752379,10053.2785354625,6693.60759676048,5038.70947068323,6919.59112591763
"83","020422","01211b","Sheep cuts, bone in, fresh or chilled","Meat of sheep,frsh,chlld","020421","00121",1,1,"Blue",326.737687869859,376.856738643368,629.628729087971,407.63212416417,337.493602793551,515.481542298206,667.799889377199,531.497718494158
"84","020422","01211b","Sheep cuts, bone in, fresh or chilled","Meat of sheep,frsh,chlld","020421","00121",1,1,"Grey",16.2870231349156,53.6519454805949,173.184991921661,61.0935314028503,170.10023051601,390.614524091933,523.426622594874,385.393124507673
"85","020423","01211c","Sheep cuts, boneless, fresh or chilled","Meat of sheep,frsh,chlld","020422","00121",0.8,1,"Green",15869.7338514801,7784.28196388248,4606.59117649598,9813.20170940474,12566.5981693281,8367.00949595059,6298.38683835404,8649.48890739703
"86","020423","01211c","Sheep cuts, boneless, fresh or chilled","Meat of sheep,frsh,chlld","020422","00121",0.8,1,"Blue",420.922109837324,483.57092330421,799.535911359964,522.040155205213,434.367003491939,656.851927872758,847.249861721499,676.872148117698
"87","020423","01211c","Sheep cuts, boneless, fresh or chilled","Meat of sheep,frsh,chlld","020422","00121",0.8,1,"Grey",20.3587789186445,67.0649318507436,216.481239902076,76.3669142535629,212.625288145013,488.268155114917,654.283278243593,481.741405634592
"88","020430","01212a","Lamb carcasses and half carcasses, frozen","Meat of sheep,frsh,chlld","020410","00121",1,1,"Green",8341.66885608378,4085.94402487278,2371.89148007132,5008.25371563941,6057.07934374941,4032.88461236659,3035.81194397156,4025.39243961497
"89","020430","01212a","Lamb carcasses and half carcasses, frozen","Meat of sheep,frsh,chlld","020410","00121",1,1,"Blue",208.170550215541,240.779200331749,399.099941353471,254.067735504898,198.341478632092,305.578840852512,397.350327190206,304.394181656221
"90","020430","01212a","Lamb carcasses and half carcasses, frozen","Meat of sheep,frsh,chlld","020410","00121",1,1,"Grey",10.7012627711909,35.2021623632675,111.464201802597,38.9745256836795,102.485034010663,235.344435837509,315.363448103458,224.198011333661
"91","020441","01212","Sheep carcasses and half carcasses, frozen","Meat of sheep, frozen","020421","01211",1,1,"Green",12695.7870811841,6227.42557110598,3685.27294119678,7850.56136752379,10053.2785354625,6693.60759676048,5038.70947068323,6919.59112591763
"92","020441","01212","Sheep carcasses and half carcasses, frozen","Meat of sheep, frozen","020421","01211",1,1,"Blue",316.737687869859,366.856738643368,619.628729087971,397.63212416417,327.493602793551,505.481542298206,657.799889377199,521.497718494158
"93","020441","01212","Sheep carcasses and half carcasses, frozen","Meat of sheep, frozen","020421","01211",1,1,"Grey",16.2870231349156,53.6519454805949,173.184991921661,61.0935314028503,170.10023051601,390.614524091933,523.426622594874,385.393124507673
"94","020442","01212b","Sheep cuts, bone in, frozen","Meat of sheep, frozen","020422","01211",1,1,"Green",12695.7870811841,6227.42557110598,3685.27294119678,7850.56136752379,10053.2785354625,6693.60759676048,5038.70947068323,6919.59112591763
"95","020442","01212b","Sheep cuts, bone in, frozen","Meat of sheep, frozen","020422","01211",1,1,"Blue",326.737687869859,376.856738643368,629.628729087971,407.63212416417,337.493602793551,515.481542298206,667.799889377199,531.497718494158
"96","020442","01212b","Sheep cuts, bone in, frozen","Meat of sheep, frozen","020422","01211",1,1,"Grey",16.2870231349156,53.6519454805949,173.184991921661,61.0935314028503,170.10023051601,390.614524091933,523.426622594874,385.393124507673
"97","020443","01212c","Sheep cuts, boneless, frozen","Meat of sheep, frozen","020423","01211",1,1,"Green",15869.7338514801,7784.28196388248,4606.59117649598,9813.20170940474,12566.5981693281,8367.00949595059,6298.38683835404,8649.48890739703
"98","020443","01212c","Sheep cuts, boneless, frozen","Meat of sheep, frozen","020423","01211",1,1,"Blue",420.922109837324,483.57092330421,799.535911359964,522.040155205213,434.367003491939,656.851927872758,847.249861721499,676.872148117698
"99","020443","01212c","Sheep cuts, boneless, frozen","Meat of sheep, frozen","020423","01211",1,1,"Grey",20.3587789186445,67.0649318507436,216.481239902076,76.3669142535629,212.625288145013,488.268155114917,654.283278243593,481.741405634592
"100","020450","01213","Goat meat, fresh, chilled or frozen","Meat of goats","010420","00122",0.5,0.87282689048812,"Green",9276.92519794803,4690.50085397444,2431.48510924754,5184.5641750671,0,0,0,0
"101","020450","01213","Goat meat, fresh, chilled or frozen","Meat of goats","010420","00122",0.5,0.87282689048812,"Blue",284.846351695608,312.632744905226,412.672273166072,330.180757734068,0,0,0,0
"102","020450","01213","Goat meat, fresh, chilled or frozen","Meat of goats","010420","00122",0.5,0.87282689048812,"Grey",0.357088859994391,3.62183330570158,18.4599097141174,5.7778303020061,0,0,0,0
"103","020500","0124","Horse, ass, mule or hinny meat, fresh, chilled or frozen","Meat of horses,mules,etc","010111","00151",0.68,0.86633055870877,"Green",51364.4003680966,44230.3722983072,42471.5017403244,47366.8164015763,0,26038.6063829472,0,26038.6063829472
"104","020500","0124","Horse, ass, mule or hinny meat, fresh, chilled or frozen","Meat of horses,mules,etc","010111","00151",0.68,0.86633055870877,"Blue",1910.95826704884,4540.75560140446,2818.87263107589,3174.72852783312,0,766.543509637731,0,766.543509637731
"105","020500","0124","Horse, ass, mule or hinny meat, fresh, chilled or frozen","Meat of horses,mules,etc","010111","00151",0.68,0.86633055870877,"Grey",860.136945734094,1502.60835987701,1871.01946948926,1236.98204220237,0,285.189392682494,0,285.189392682494
"106","020610","01251","Bovine edible offal, fresh or chilled","Edible offal,bov.frsh,ch","010210","00119",0.07,0.104294684152904,"Green",13702.9053656511,10947.3977977063,6218.81018424509,10432.5310086558,5651.33632329242,4058.64522246422,5903.25293594127,5234.77314964613
"107","020610","01251","Bovine edible offal, fresh or chilled","Edible offal,bov.frsh,ch","010210","00119",0.07,0.104294684152904,"Blue",301.441143024064,373.282343624671,478.65918424878,396.151365384367,290.124203034721,261.73451832034,196.492616775174,264.845297109282
"108","020610","01251","Bovine edible offal, fresh or chilled","Edible offal,bov.frsh,ch","010210","00119",0.07,0.104294684152904,"Grey",157.511226249571,296.84161822594,500.336572525455,326.343733213829,143.505854781963,165.217371445884,825.36593917228,322.956134447611
"109","020621","01252a","Bovine tongues, edible offal, frozen","Edible offal,bov.frsh,ch","020610","00119",0.1,0.2372495089084,"Green",32510.07568619,25972.647513307,14754.096622067,24751.1285847523,13407.7676737733,9629.11585863058,14005.4386001414,12419.4735900042
"110","020621","01252a","Bovine tongues, edible offal, frozen","Edible offal,bov.frsh,ch","020610","00119",0.1,0.2372495089084,"Blue",715.167631472459,885.610527091297,1135.61656397518,939.86716890833,688.318246924284,620.963859358773,466.177768340364,628.344166758763
"111","020621","01252a","Bovine tongues, edible offal, frozen","Edible offal,bov.frsh,ch","020610","00119",0.1,0.2372495089084,"Grey",373.694610752705,704.25528147679,1187.04606120576,774.248904403148,340.466935725007,391.977402386727,1958.17663738344,766.211842966508
"112","020622","01252a","Bovine livers, edible offal, frozen","Edible offal,bov.frsh,ch","020610","00119",0.6,0.419303461005791,"Green",9576.1260760872,7650.46964264234,4345.94772265338,7290.66059829932,3949.37479944042,2836.33998128977,4125.42397872129,3658.26416537801
"113","020622","01252a","Bovine livers, edible offal, frozen","Edible offal,bov.frsh,ch","020610","00119",0.6,0.419303461005791,"Blue",210.65885759922,260.864297690296,334.505754329537,276.846064313058,202.750137423342,182.91031566067,137.316723793191,185.084249515048
"114","020622","01252a","Bovine livers, edible offal, frozen","Edible offal,bov.frsh,ch","020610","00119",0.6,0.419303461005791,"Grey",110.075003856185,207.444529821161,349.654760879497,228.061761356848,100.287502641119,115.460359442564,576.797991485387,225.694374878224
"115","020629","01252","Bovine edible offal, frozen nes","Edible offal,bov.,frozen","020610","01251",0.3,0.34,"Green",15529.9594144046,12407.0508374004,7047.98487547777,11823.5351431432,6404.84783306474,4599.79791879278,6690.35332740011,5932.74290293229
"116","020629","01252","Bovine edible offal, frozen nes","Edible offal,bov.,frozen","020610","01251",0.3,0.34,"Blue",341.633295427273,423.053322774627,542.480408815284,448.971547435616,328.807430106017,296.632454096386,222.691632345197,300.15800339052
"117","020629","01252","Bovine edible offal, frozen nes","Edible offal,bov.,frozen","020610","01251",0.3,0.34,"Grey",178.512723082847,336.420500656066,567.048115528849,369.856230975673,162.639968752891,187.246354305336,935.414731061918,366.016952373959
"118","020630","01253","Swine edible offal, fresh or chilled","Edible offal,swine,fh,ch","010310","01221",0.04,0.0130612659813218,"Green",1644.77394561271,1094.98850202988,845.287005068431,1030.25758651042,1269.21919193402,889.746105197776,581.77506265169,957.432793974077
"119","020630","01253","Swine edible offal, fresh or chilled","Edible offal,swine,fh,ch","010310","01221",0.04,0.0130612659813218,"Blue",89.6231404574255,88.5815935409851,98.9048407686849,93.4996460462884,58.0647850383299,51.8170675230746,47.4415334380703,53.0699083233627
"120","020630","01253","Swine edible offal, fresh or chilled","Edible offal,swine,fh,ch","010310","01221",0.04,0.0130612659813218,"Grey",135.745832007172,122.227848947244,143.478495557064,130.565856960553,205.260153077463,155.228683405768,101.498816894125,162.235052095603
"121","020641","01254a","Swine livers, edible offal, frozen","Edible offal,swine,fh,ch","020630","01221",0.6,0.327494255630086,"Green",897.756698330322,597.67074065963,461.37773086445,562.339069002462,692.769990823086,485.644564035856,317.546651812103,522.589566963956
"122","020641","01254a","Swine livers, edible offal, frozen","Edible offal,swine,fh,ch","020630","01221",0.6,0.327494255630086,"Blue",48.9184394522253,48.3499383987195,53.9846120095877,51.0343283060095,31.6931392574146,28.282986595672,25.8947161320844,28.9668168711943
"123","020641","01254a","Swine livers, edible offal, frozen","Edible offal,swine,fh,ch","020630","01221",0.6,0.327494255630086,"Grey",74.0933003467921,66.7148640137405,78.3139718356421,71.2659468933345,112.035868404368,84.7275035406839,55.4004658101265,88.5517460385962
"124","020649","01254","Swine edible offal, frozen nes","Edible offal,swine,frzen","020630","01253",1,1,"Green",1644.77394561271,1094.98850202988,845.287005068431,1030.25758651042,1269.21919193402,889.746105197776,581.77506265169,957.432793974077
"125","020649","01254","Swine edible offal, frozen nes","Edible offal,swine,frzen","020630","01253",1,1,"Blue",89.6231404574255,88.5815935409851,98.9048407686849,93.4996460462884,58.0647850383299,51.8170675230746,47.4415334380703,53.0699083233627
"126","020649","01254","Swine edible offal, frozen nes","Edible offal,swine,frzen","020630","01253",1,1,"Grey",135.745832007172,122.227848947244,143.478495557064,130.565856960553,205.260153077463,155.228683405768,101.498816894125,162.235052095603
"127","020680","01255","Sheep, goats, asses, mules or hinnies edible offal, fresh or chilled","Ed.off.sheep,horse,fh,ch","010410","00121",0.08,0.0556868118325466,"Green",4960.20298984208,2429.62315073441,1410.3968179521,2978.05576831122,3601.7185036858,2398.07245493323,1805.18355989446,2393.61738744923
"128","020680","01255","Sheep, goats, asses, mules or hinnies edible offal, fresh or chilled","Ed.off.sheep,horse,fh,ch","010410","00121",0.08,0.0556868118325466,"Blue",123.784365381889,143.174433075977,237.31662770376,151.07618907153,117.939708743423,181.706215648161,236.276255380976,181.001782256143
"129","020680","01255","Sheep, goats, asses, mules or hinnies edible offal, fresh or chilled","Ed.off.sheep,horse,fh,ch","010410","00121",0.08,0.0556868118325466,"Grey",6.3632873119908,20.9322467740779,66.2799107205472,23.1754055644237,60.9406320107047,139.942761385514,187.524432479578,133.314767742526
"130","020690","01256","Sheep, goats, asses, mules or hinnies edible offal, frozen","Ed.off.sheep,horse,frozn","020680","00121",1,1,"Green",4960.20298984208,2429.62315073441,1410.3968179521,2978.05576831122,3601.7185036858,2398.07245493323,1805.18355989446,2393.61738744923
"131","020690","01256","Sheep, goats, asses, mules or hinnies edible offal, frozen","Ed.off.sheep,horse,frozn","020680","00121",1,1,"Blue",123.784365381889,143.174433075977,237.31662770376,151.07618907153,117.939708743423,181.706215648161,236.276255380976,181.001782256143
"132","020690","01256","Sheep, goats, asses, mules or hinnies edible offal, frozen","Ed.off.sheep,horse,frozn","020680","00121",1,1,"Grey",6.3632873119908,20.9322467740779,66.2799107205472,23.1754055644237,60.9406320107047,139.942761385514,187.524432479578,133.314767742526
"133","020900","41131","Pig fat lean meat free&poultry fat unrenderd,frsh,chilld,frozn or curd","Pig,poultry fat unrendrd","010310","00131",0.78,1,"Green",7918.82956946781,4065.29967318511,2337.21081312153,3545.39494981384,5575.17786530247,3311.20963776045,2000.64812505027,3362.33084485878
"134","020900","41131","Pig fat lean meat free&poultry fat unrenderd,frsh,chilld,frozn or curd","Pig,poultry fat unrendrd","010310","00131",0.78,1,"Blue",734.019423896823,347.745942943393,210.311272175648,313.340547896255,103.710183299912,71.903005012085,47.8098841633508,72.0239897059774
"135","020900","41131","Pig fat lean meat free&poultry fat unrenderd,frsh,chilld,frozn or curd","Pig,poultry fat unrendrd","010310","00131",0.78,1,"Grey",717.550417499567,573.882997397442,325.231671216489,466.549596791946,762.828050223358,453.058835588657,273.740236686121,460.053534534244
"136","021011","01611","Hams, shoulders and cuts thereof, of swine bone in, cured","Hams,shoulders with bone","020312","01221",0.98,1,"Green",7410.73965025357,5039.94314673697,3917.83135856293,4747.20054976775,5788.30444439288,4057.7083673387,2653.19907088103,4392.99185399015
"137","021011","01611","Hams, shoulders and cuts thereof, of swine bone in, cured","Hams,shoulders with bone","020312","01221",0.98,1,"Blue",422.49583809198,426.087914141535,476.680435308716,449.179563520632,283.313888159558,254.821023183449,234.866295464409,261.981653657836
"138","021011","01611","Hams, shoulders and cuts thereof, of swine bone in, cured","Hams,shoulders with bone","020312","01221",0.98,1,"Grey",611.620230424711,562.582537168281,665.010281481129,601.618775789302,936.093831440268,707.924118832242,462.887779086959,744.383592011106
"139","021012","01612","Bellies, streaky and cuts thereof, swine cured","Bellies (streaky)","020319","01221",0.98,1,"Green",7816.80757629486,5316.10441505133,4132.50704944309,5007.32112783722,6105.47181120893,4280.0485518504,2798.57984188821,4633.70373640057
"140","021012","01612","Bellies, streaky and cuts thereof, swine cured","Bellies (streaky)","020319","01221",0.98,1,"Blue",445.366731093386,449.155633227848,502.520347335696,473.512578463334,298.558372945489,268.504255093976,247.456117636906,276.057248882028
"141","021012","01612","Bellies, streaky and cuts thereof, swine cured","Bellies (streaky)","020319","01221",0.98,1,"Grey",645.133667708257,593.408977561063,701.449201014342,634.584188161319,987.386644121926,746.714481507982,488.251493009532,785.171734039112
"142","021019","01619","Swine meat cured, nes","Oth.pigmeat,dry,salt,smk","020311","01221",0.7,1,"Green",7988.77734297335,5433.05871218246,4223.42220453084,5117.48219264964,6239.79219105553,4374.20961999111,2860.14859840975,4735.64521860138
"143","021019","01619","Swine meat cured, nes","Oth.pigmeat,dry,salt,smk","020311","01221",0.7,1,"Blue",442.807656320297,446.679914301718,501.218652119939,471.572712332384,292.769514293147,262.0542058489,240.543009367776,269.77336550029
"144","021019","01619","Swine meat cured, nes","Oth.pigmeat,dry,salt,smk","020311","01221",0.7,1,"Grey",659.326608397838,606.463975067407,716.881083436657,648.545040300868,1009.10915029261,763.142200101157,498.993025855742,802.445512187973
"145","021020","01681","Bovine meat cured","Bov.meat,dried,smkd,salt","020110","01111",0.46,1,"Green",32599.634823726,22847.7496929039,13658.4720768758,22246.9519728567,13108.0942510784,9413.89807017459,13692.4067947158,12164.99493402
"146","021020","01681","Bovine meat cured","Bov.meat,dried,smkd,salt","020110","01111",0.46,1,"Blue",724.33362577203,790.604497940822,1061.20496251062,855.646388058887,681.017112526205,615.168144829711,463.841636257065,622.941893167191
"147","021020","01681","Bovine meat cured","Bov.meat,dried,smkd,salt","020110","01111",0.46,1,"Grey",374.72406904631,619.522841591072,1098.89720097772,695.914860298727,332.857250471979,383.216420495458,1914.40995605037,750.511937605441
"148","040110","02211","Milk not concentrated and unsweetened not exceeding 1% fat","Milk,fat cont.1% or less","FAO882","FAO882",0.93,1,"Green",1086.52004440864,789.557395576588,1027.24743590478,862.638324738887,0,646.866287319458,928.754107358904,752.85610765429
"149","040110","02211","Milk not concentrated and unsweetened not exceeding 1% fat","Milk,fat cont.1% or less","FAO882","FAO882",0.93,1,"Blue",56.0887748641855,90.4608159824405,97.8402662092505,85.5246618963615,0,33.2695832879746,31.9107548545732,32.3281795681043
"150","040110","02211","Milk not concentrated and unsweetened not exceeding 1% fat","Milk,fat cont.1% or less","FAO882","FAO882",0.93,1,"Grey",48.7556490396693,76.200141968963,82.2269158154657,72.2724417123937,0,73.8636000424627,136.038629671745,97.2414111830728
"151","040120","02212","Milk not concentrated & unsweetened exceeding 1% not exceeding 6% fat","Milk,cream fat cont.1-6%","FAO882","FAO882",0.9,1,"Green",1122.73737922226,815.875975429141,1061.4890171016,891.392935563517,0,668.428496896774,959.712577604201,777.951311242766
"152","040120","02212","Milk not concentrated & unsweetened exceeding 1% not exceeding 6% fat","Milk,cream fat cont.1-6%","FAO882","FAO882",0.9,1,"Blue",57.9584006929916,93.4761765151885,101.101608416226,88.3754839595736,0,34.3785693975737,32.9744466830589,33.4057855537078
"153","040120","02212","Milk not concentrated & unsweetened exceeding 1% not exceeding 6% fat","Milk,cream fat cont.1-6%","FAO882","FAO882",0.9,1,"Grey",50.3808373409916,78.7401467012617,84.9678130093145,74.6815231028068,0,76.3257200438781,140.573250660803,100.482791555842
"154","040130","02213","Milk and cream not concentrated and unsweetened exceeding 6% fat","Cream,fat content 6%+","FAO882","FAO882",0.5,1,"Green",2020.92728260007,1468.57675577245,1910.68023078289,1604.50728401433,0,1203.17129441419,1727.48263968756,1400.31236023698
"155","040130","02213","Milk and cream not concentrated and unsweetened exceeding 6% fat","Cream,fat content 6%+","FAO882","FAO882",0.5,1,"Blue",104.325121247385,168.257117727339,181.982895149206,159.075871127232,0,61.8814249156327,59.3540040295061,60.130413996674
"156","040130","02213","Milk and cream not concentrated and unsweetened exceeding 6% fat","Cream,fat content 6%+","FAO882","FAO882",0.5,1,"Grey",90.6855072137849,141.732264062271,152.942063416766,134.426741585052,0,137.386296078981,253.031851189446,180.869024800515
"157","040210","02221","Milk powder not exceeding 1.5% fat","Milk,solid, to 1.5% fat","FAO882","FAO882",0.2,1,"Green",5052.31820650017,3671.44188943113,4776.70057695722,4011.26821003582,0,3007.92823603548,4318.70659921891,3500.78090059245
"158","040210","02221","Milk powder not exceeding 1.5% fat","Milk,solid, to 1.5% fat","FAO882","FAO882",0.2,1,"Blue",260.812803118462,420.642794318348,454.957237873015,397.689677818081,0,154.703562289082,148.385010073765,150.326034991685
"159","040210","02221","Milk powder not exceeding 1.5% fat","Milk,solid, to 1.5% fat","FAO882","FAO882",0.2,1,"Grey",226.713768034462,354.330660155678,382.355158541915,336.066853962631,0,343.465740197452,632.579627973614,452.172562001288
"160","040221","02222","Milk and cream powder unsweetened exceeding 1.5% fat","Milk,crm solid 1.5%+ fat","FAO882","FAO882",0.2,1,"Green",5052.31820650017,3671.44188943113,4776.70057695722,4011.26821003582,0,3007.92823603548,4318.70659921891,3500.78090059245
"161","040221","02222","Milk and cream powder unsweetened exceeding 1.5% fat","Milk,crm solid 1.5%+ fat","FAO882","FAO882",0.2,1,"Blue",260.812803118462,420.642794318348,454.957237873015,397.689677818081,0,154.703562289082,148.385010073765,150.326034991685
"162","040221","02222","Milk and cream powder unsweetened exceeding 1.5% fat","Milk,crm solid 1.5%+ fat","FAO882","FAO882",0.2,1,"Grey",226.713768034462,354.330660155678,382.355158541915,336.066853962631,0,343.465740197452,632.579627973614,452.172562001288
"163","040229","02222a","Milk and cream powder sweetened exceeding 1.5% fat","Milk,crm solid 1.5%+ fat","040221","FAO882",1,1,"Green",5052.31820650017,3671.44188943113,4776.70057695722,4011.26821003582,0,3007.92823603548,4318.70659921891,3500.78090059245
"164","040229","02222a","Milk and cream powder sweetened exceeding 1.5% fat","Milk,crm solid 1.5%+ fat","040221","FAO882",1,1,"Blue",270.812803118462,430.642794318348,464.957237873015,407.689677818081,0,164.703562289082,158.385010073765,160.326034991685
"165","040229","02222a","Milk and cream powder sweetened exceeding 1.5% fat","Milk,crm solid 1.5%+ fat","040221","FAO882",1,1,"Grey",226.713768034462,354.330660155678,382.355158541915,336.066853962631,0,343.465740197452,632.579627973614,452.172562001288
"166","040291","02223","Milk and cream unsweetened, nes","Milk,cream unsweetened","FAO882","FAO882",0.5,0.831488091433553,"Green",1680.37696913513,1221.10408378092,1588.70785843348,1334.12869927631,0,1000.42260326009,1436.38124305841,1164.34305182426
"167","040291","02223","Milk and cream unsweetened, nes","Milk,cream unsweetened","FAO882","FAO882",0.5,0.831488091433553,"Blue",86.7450959545621,139.903789689216,151.316610161166,132.269692476712,0,51.4536678982881,49.3521475294334,49.9977231712038
"168","040291","02223","Milk and cream unsweetened, nes","Milk,cream unsweetened","FAO882","FAO882",0.5,0.831488091433553,"Grey",75.4039193138737,117.848689739694,127.169504410316,111.774234798187,0,114.235069115837,210.392971017411,150.390440230828
"169","040299","02224","Milk and cream nes sweetened","Milk,cream, sweetened","040130","02213",1,1,"Green",2020.92728260007,1468.57675577245,1910.68023078289,1604.50728401433,0,1203.17129441419,1727.48263968756,1400.31236023698
"170","040299","02224","Milk and cream nes sweetened","Milk,cream, sweetened","040130","02213",1,1,"Blue",109.325121247385,173.257117727339,186.982895149206,164.075871127232,0,66.8814249156327,64.3540040295061,65.130413996674
"171","040299","02224","Milk and cream nes sweetened","Milk,cream, sweetened","040130","02213",1,1,"Grey",90.6855072137849,141.732264062271,152.942063416766,134.426741585052,0,137.386296078981,253.031851189446,180.869024800515
"172","040310","02231","Yogurt concentratd o not,sweetend o not,flavourd o contg fruit o cocoa","Yogurt","FAO882","FAO882",0.8,1,"Green",1263.07955162504,917.860472357784,1194.17514423931,1002.81705250896,0,751.98205900887,1079.67664980473,875.195225148112
"173","040310","02231","Yogurt concentratd o not,sweetend o not,flavourd o contg fruit o cocoa","Yogurt","FAO882","FAO882",0.8,1,"Blue",65.2032007796156,105.160698579587,113.739309468254,99.4224194545203,0,38.6758905722705,37.0962525184413,37.5815087479212
"174","040310","02231","Yogurt concentratd o not,sweetend o not,flavourd o contg fruit o cocoa","Yogurt","FAO882","FAO882",0.8,1,"Grey",56.6784420086156,88.5826650389194,95.5887896354788,84.0167134906577,0,85.8664350493629,158.144906993403,113.043140500322
"175","040390","02232","Buttermilk,curdled milk & cream,kephir & ferm or acid milk & cream nes","Buttermilk","FAO882","FAO882",0.1,0.168511908566448,"Green",1702.75156732471,1237.36335995769,1609.86186174703,1351.89292369011,0,1013.74345577049,1455.50698314578,1179.8465420636
"176","040390","02232","Buttermilk,curdled milk & cream,kephir & ferm or acid milk & cream nes","Buttermilk","FAO882","FAO882",0.1,0.168511908566448,"Blue",87.9001264641145,141.766640190617,153.331424940202,134.030893252601,0,52.138785086723,50.0092825003635,50.6634541273508
"177","040390","02232","Buttermilk,curdled milk & cream,kephir & ferm or acid milk & cream nes","Buttermilk","FAO882","FAO882",0.1,0.168511908566448,"Grey",76.4079394995562,119.417871612885,128.86279503225,113.262533934329,0,115.75613481572,213.194400860174,152.392922848435
"178","040410","02241","Whey whether or not concentrated or sweetened","Whey","FAO882","FAO882",0.73,0.497681571564361,"Green",688.889223302531,500.605197106661,651.308452063687,546.940894996381,0,410.134370318617,588.860462308121,477.335380906671
"179","040410","02241","Whey whether or not concentrated or sweetened","Whey","FAO882","FAO882",0.73,0.497681571564361,"Blue",35.562116641124,57.3551142311177,62.0339268874583,54.2254311921717,0,21.0940032894891,20.2324616466041,20.4971225593701
"180","040410","02241","Whey whether or not concentrated or sweetened","Whey","FAO882","FAO882",0.73,0.497681571564361,"Grey",30.9126751700463,48.3133807670452,52.134552383255,45.8230904194007,0,46.8319368109546,86.2529379149334,61.6542332260506
"181","040490","02249","Products consisting of natural milk constituents sweetened or not nes","Milk products nes","FAO882","FAO882",0.8,1,"Green",1263.07955162504,917.860472357784,1194.17514423931,1002.81705250896,0,751.98205900887,1079.67664980473,875.195225148112
"182","040490","02249","Products consisting of natural milk constituents sweetened or not nes","Milk products nes","FAO882","FAO882",0.8,1,"Blue",65.2032007796156,105.160698579587,113.739309468254,99.4224194545203,0,38.6758905722705,37.0962525184413,37.5815087479212
"183","040490","02249","Products consisting of natural milk constituents sweetened or not nes","Milk products nes","FAO882","FAO882",0.8,1,"Grey",56.6784420086156,88.5826650389194,95.5887896354788,84.0167134906577,0,85.8664350493629,158.144906993403,113.043140500322
"184","040510","0230a","Butter","butter","FAO882","FAO882",0.047,0.275038829587159,"Green",5913.12206901149,4296.97480921875,5590.54525946647,4694.70005807842,0,3520.41302775049,5054.51918459364,4097.23694272352
"185","040510","0230a","Butter","butter","FAO882","FAO882",0.047,0.275038829587159,"Blue",305.249566429991,492.311071589746,532.471941348087,465.44724904672,0,181.061645552992,173.666551059435,175.93828391741
"186","040510","0230a","Butter","butter","FAO882","FAO882",0.047,0.275038829587159,"Grey",265.340806006353,414.700808749204,447.500065072259,393.325251816683,0,401.984745477422,740.357278717204,529.21281797558
"187","040610","02491","Cheese, fresh (including whey cheese) unfermented, and curd","Fresh cheese,unfermented","FAO882","FAO882",0.15,0.502318428435639,"Green",3383.83005526124,2458.97722665576,3199.23296923302,2686.57859106538,0,2014.5837124967,2892.48788239235,2344.67568037747
"188","040610","02491","Cheese, fresh (including whey cheese) unfermented, and curd","Fresh cheese,unfermented","FAO882","FAO882",0.15,0.502318428435639,"Blue",174.68143650448,281.728836499691,304.711206311723,266.355805288872,0,103.613933709929,99.3820334182137,100.682050199979
"189","040610","02491","Cheese, fresh (including whey cheese) unfermented, and curd","Fresh cheese,unfermented","FAO882","FAO882",0.15,0.502318428435639,"Grey",151.843338218391,237.315760474617,256.085389790713,225.083431909091,0,230.038894449957,423.675206112143,302.846147634939
"190","040620","0241","Cheese, grated or powdered, of all kinds","Cheese, powdered, grated","040610","02491",0.63,1,"Green",5371.15881787499,3903.13845500915,5078.14757021114,4264.41046200854,0,3197.75192459794,4591.25060697199,3721.70742917058
"191","040620","0241","Cheese, grated or powdered, of all kinds","Cheese, powdered, grated","040610","02491",0.63,1,"Blue",293.145137308698,463.061645237605,499.541597320195,438.660008395035,0,180.339577317347,173.622275267006,175.68579396822
"192","040620","0241","Cheese, grated or powdered, of all kinds","Cheese, powdered, grated","040610","02491",0.63,1,"Grey",241.021171775224,376.691683293043,406.484745699544,357.275288744589,0,365.141102301518,672.500327162131,480.708170849109
"193","040630","0242","Cheese processed, not grated or powdered","Processed cheese, whole","040610","02491",0.63,1,"Green",5371.15881787499,3903.13845500915,5078.14757021114,4264.41046200854,0,3197.75192459794,4591.25060697199,3721.70742917058
"194","040630","0242","Cheese processed, not grated or powdered","Processed cheese, whole","040610","02491",0.63,1,"Blue",293.145137308698,463.061645237605,499.541597320195,438.660008395035,0,180.339577317347,173.622275267006,175.68579396822
"195","040630","0242","Cheese processed, not grated or powdered","Processed cheese, whole","040610","02491",0.63,1,"Grey",241.021171775224,376.691683293043,406.484745699544,357.275288744589,0,365.141102301518,672.500327162131,480.708170849109
"196","040640","0243","Cheese, blue-veined","Blue-veined cheese","040610","02491",0.63,1,"Green",5371.15881787499,3903.13845500915,5078.14757021114,4264.41046200854,0,3197.75192459794,4591.25060697199,3721.70742917058
"197","040640","0243","Cheese, blue-veined","Blue-veined cheese","040610","02491",0.63,1,"Blue",293.145137308698,463.061645237605,499.541597320195,438.660008395035,0,180.339577317347,173.622275267006,175.68579396822
"198","040640","0243","Cheese, blue-veined","Blue-veined cheese","040610","02491",0.63,1,"Grey",241.021171775224,376.691683293043,406.484745699544,357.275288744589,0,365.141102301518,672.500327162131,480.708170849109
"199","040690","02499","Cheese nes","Other cheese, curd","040610","02491",0.63,1,"Green",5371.15881787499,3903.13845500915,5078.14757021114,4264.41046200854,0,3197.75192459794,4591.25060697199,3721.70742917058
"200","040690","02499","Cheese nes","Other cheese, curd","040610","02491",0.63,1,"Blue",293.145137308698,463.061645237605,499.541597320195,438.660008395035,0,180.339577317347,173.622275267006,175.68579396822
"201","040690","02499","Cheese nes","Other cheese, curd","040610","02491",0.63,1,"Grey",241.021171775224,376.691683293043,406.484745699544,357.275288744589,0,365.141102301518,672.500327162131,480.708170849109
"202","040700","0251","Eggs, bird, in shell, fresh, preserved or cooked","Birds' eggs, in shell","040700","0251",1,1,"Green",6781.0685600589,3005.98462851995,2297.66098826094,2592.13924719903,0,2457.14840405401,2370.65385625912,2400.56359998942
"203","040700","0251","Eggs, bird, in shell, fresh, preserved or cooked","Birds' eggs, in shell","040700","0251",1,1,"Blue",417.543618713235,311.851669675958,205.450601868523,243.77320540362,0,48.5007294940216,47.3680584526816,47.7597351703581
"204","040700","0251","Eggs, bird, in shell, fresh, preserved or cooked","Birds' eggs, in shell","040700","0251",1,1,"Grey",445.847377104412,544.976997188639,368.655821004806,428.64684369579,0,347.491057831047,335.258959085901,339.488808805662
"205","040811","02521","Egg yolks dried","Egg,unshelld;yolks,dried","040819","0251",0.5,1,"Green",13562.1371201178,6011.9692570399,4595.32197652187,5184.27849439806,0,4914.29680810803,4741.30771251824,4801.12719997885
"206","040811","02521","Egg yolks dried","Egg,unshelld;yolks,dried","040819","0251",0.5,1,"Blue",855.08723742647,643.703339351917,430.901203737046,507.54641080724,0,117.001458988043,114.736116905363,115.519470340716
"207","040811","02521","Egg yolks dried","Egg,unshelld;yolks,dried","040819","0251",0.5,1,"Grey",891.694754208823,1089.95399437728,737.311642009613,857.29368739158,0,694.982115662093,670.517918171802,678.977617611323
"208","040819","02522","Egg yolks nes","Egg,unshelld;ylk,not dry","040700","0251",1,1,"Green",6781.0685600589,3005.98462851995,2297.66098826094,2592.13924719903,0,2457.14840405401,2370.65385625912,2400.56359998942
"209","040819","02522","Egg yolks nes","Egg,unshelld;ylk,not dry","040700","0251",1,1,"Blue",422.543618713235,316.851669675958,210.450601868523,248.77320540362,0,53.5007294940216,52.3680584526816,52.7597351703581
"210","040819","02522","Egg yolks nes","Egg,unshelld;ylk,not dry","040700","0251",1,1,"Grey",445.847377104412,544.976997188639,368.655821004806,428.64684369579,0,347.491057831047,335.258959085901,339.488808805662
"211","040891","02521a","Eggs, bird, not in shell, dried","Egg,unshelld;ylk,not dry","040899","0251",0.75,1,"Green",10046.0274963836,4453.3105607703,3403.94220483102,3840.20629214671,0,3640.2198578578,3512.07978705055,3556.39051850285
"212","040891","02521a","Eggs, bird, not in shell, dried","Egg,unshelld;ylk,not dry","040899","0251",0.75,1,"Blue",632.657212908496,476.076547668086,318.445336101515,375.219563560918,0,85.9270066578097,84.2489754854542,84.8292372894194
"213","040891","02521a","Eggs, bird, not in shell, dried","Egg,unshelld;ylk,not dry","040899","0251",0.75,1,"Grey",660.514632747276,807.373329168354,546.156771858972,635.0323610308,0,514.801567157106,496.67993938652,502.946383415795
"214","040899","02522a","Eggs, bird, not in shell nes","Egg,unshelld;ylk,not dry","040700","0251",0.9,1,"Green",7534.52062228767,3339.98292057772,2552.95665362326,2880.15471911003,0,2730.16489339335,2634.05984028791,2667.29288887714
"215","040899","02522a","Eggs, bird, not in shell nes","Egg,unshelld;ylk,not dry","040700","0251",0.9,1,"Blue",469.492909681372,352.057410751065,233.834002076136,276.414672670689,0,59.4452549933573,58.1867316140907,58.6219279670645
"216","040899","02522a","Eggs, bird, not in shell nes","Egg,unshelld;ylk,not dry","040700","0251",0.9,1,"Grey",495.385974560457,605.529996876266,409.617578894229,476.2742707731,0,386.10117536783,372.50995453989,377.209787561846
"217","050210","29192","Bristles, hair and waste of pigs, hogs or boars","Bristle,hair for brushes","010310","00139",0.0075,0.0272378076250636,"Green",18293.2900507019,12178.5381652275,9401.3407745498,11458.5964273348,14116.3439984559,9895.81797382008,6470.54265039933,10648.6340271503
"218","050210","29192","Bristles, hair and waste of pigs, hogs or boars","Bristle,hair for brushes","010310","00139",0.0075,0.0272378076250636,"Blue",996.794792388163,985.210635249315,1100.02650785305,1039.90955676621,645.800571726673,576.313023625442,527.648029656378,590.247206014552
"219","050210","29192","Bristles, hair and waste of pigs, hogs or boars","Bristle,hair for brushes","010310","00139",0.0075,0.0272378076250636,"Grey",1509.77457097059,1359.42662457021,1595.7777919968,1452.16252875899,2282.91767760142,1726.46419728668,1128.87689046876,1804.38951643901
"220","050300","26851","Horsehair&waste put up or not as a layer with or without supg material","Horsehair and waste","010111","00151",0.01,0.021144559195502,"Green",85248.3804687138,73408.1889195172,70489.0296292771,78613.677123764,0,43215.709867165,0,43215.709867165
"221","050300","26851","Horsehair&waste put up or not as a layer with or without supg material","Horsehair and waste","010111","00151",0.01,0.021144559195502,"Blue",3171.57596003783,7536.19351827188,4678.4217244763,5269.02803276368,0,1272.21562574706,0,1272.21562574706
"222","050300","26851","Horsehair&waste put up or not as a layer with or without supg material","Horsehair and waste","010111","00151",0.01,0.021144559195502,"Grey",1427.55062026736,2493.84648200483,3105.29040456707,2052.99224776177,0,473.322645233085,0,473.322645233085
"223","051110","29194","Semen bovine","Bovine semen","010210","00111",1e-04,0.0152625573098018,"Green",1403704.95492557,1121434.91632815,637045.534244748,1068692.73913057,578914.367958892,415761.494152835,604720.325744287,536242.264833043
"224","051110","29194","Semen bovine","Bovine semen","010210","00111",1e-04,0.0152625573098018,"Blue",30879.175969643,38238.4801872477,49033.1247805941,40581.1482785602,29719.8857086553,26811.6892321442,20128.4072547849,27130.3527186965
"225","051110","29194","Semen bovine","Bovine semen","010210","00111",1e-04,0.0152625573098018,"Grey",16135.2124124824,30408.0075876724,51253.7237354763,33430.1597433088,14700.5232863402,16924.6183017295,84549.2417503735,33083.1392358652
"226","160231","0174","Turkey meat and meat offal prepared or preserved, excluding livers","Poultry,prprd,prsrvd,nes","010599","00149",0.78,1,"Green",7918.82956946781,4065.29967318511,2337.21081312153,3545.39494981384,5575.17786530247,3311.20963776045,2000.64812505027,3362.33084485878
"227","160231","0174","Turkey meat and meat offal prepared or preserved, excluding livers","Poultry,prprd,prsrvd,nes","010599","00149",0.78,1,"Blue",734.019423896823,347.745942943393,210.311272175648,313.340547896255,103.710183299912,71.903005012085,47.8098841633508,72.0239897059774
"228","160231","0174","Turkey meat and meat offal prepared or preserved, excluding livers","Poultry,prprd,prsrvd,nes","010599","00149",0.78,1,"Grey",717.550417499567,573.882997397442,325.231671216489,466.549596791946,762.828050223358,453.058835588657,273.740236686121,460.053534534244
"229","160239","0174a","Dom fowl,duck,goose&guinea fowl meat&meat offal prep/presvd exc livers","Poultry,prprd,prsrvd,nes","010511","00149",0.78,1,"Green",7918.82956946781,4065.29967318511,2337.21081312153,3545.39494981384,5575.17786530247,3311.20963776045,2000.64812505027,3362.33084485878
"230","160239","0174a","Dom fowl,duck,goose&guinea fowl meat&meat offal prep/presvd exc livers","Poultry,prprd,prsrvd,nes","010511","00149",0.78,1,"Blue",734.019423896823,347.745942943393,210.311272175648,313.340547896255,103.710183299912,71.903005012085,47.8098841633508,72.0239897059774
"231","160239","0174a","Dom fowl,duck,goose&guinea fowl meat&meat offal prep/presvd exc livers","Poultry,prprd,prsrvd,nes","010511","00149",0.78,1,"Grey",717.550417499567,573.882997397442,325.231671216489,466.549596791946,762.828050223358,453.058835588657,273.740236686121,460.053534534244
"232","160241","0175","Hams and cuts thereof of swine prepared or preserved","Pork,prepred,presrvd,nes","020312","01221",0.88,1,"Green",8252.8691559642,5612.66395886617,4363.03946749053,5286.65515769591,6446.06631307389,4518.81159089991,2954.69896529933,4892.19547376176
"233","160241","0175","Hams and cuts thereof of swine prepared or preserved","Pork,prepred,presrvd,nes","020312","01221",0.88,1,"Blue",470.50672878425,474.506995293982,530.848666593797,500.222695738885,315.50864817769,283.777957636113,261.555647221728,291.752296118953
"234","160241","0175","Hams and cuts thereof of swine prepared or preserved","Pork,prepred,presrvd,nes","020312","01221",0.88,1,"Grey",681.12252933661,626.512370937404,740.579631649439,669.984545765359,1042.46813046757,788.370041426815,515.488663074114,828.972636557823
"235","160242","0175a","Shoulders and cut thereof of swine prepared or preserved","Pork,prepred,presrvd,nes","020312","01221",0.98,1,"Green",7410.73965025357,5039.94314673697,3917.83135856293,4747.20054976775,5788.30444439288,4057.7083673387,2653.19907088103,4392.99185399015
"236","160242","0175a","Shoulders and cut thereof of swine prepared or preserved","Pork,prepred,presrvd,nes","020312","01221",0.98,1,"Blue",417.393797275653,420.985873325209,471.578394492389,444.077522704305,278.211847343232,249.718982367122,229.764254648082,256.879612841509
"237","160242","0175a","Shoulders and cut thereof of swine prepared or preserved","Pork,prepred,presrvd,nes","020312","01221",0.98,1,"Grey",611.620230424711,562.582537168281,665.010281481129,601.618775789302,936.093831440268,707.924118832242,462.887779086959,744.383592011106
"238","160249","0175b","Swine meat&meat offal nes/exc livers/ incl mixtures,prepard o preservd","Pork,prepred,presrvd,nes","020630","01221",0.3,0.327494255630086,"Green",1795.51339666064,1195.34148131926,922.755461728901,1124.67813800492,1385.53998164617,971.289128071712,635.093303624206,1045.17913392791
"239","160249","0175b","Swine meat&meat offal nes/exc livers/ incl mixtures,prepard o preservd","Pork,prepred,presrvd,nes","020630","01221",0.3,0.327494255630086,"Blue",97.8368789044506,96.699876797439,107.969224019175,102.068656612019,63.3862785148293,56.565973191344,51.7894322641688,57.9336337423885
"240","160249","0175b","Swine meat&meat offal nes/exc livers/ incl mixtures,prepard o preservd","Pork,prepred,presrvd,nes","020630","01221",0.3,0.327494255630086,"Grey",148.186600693584,133.429728027481,156.627943671284,142.531893786669,224.071736808737,169.455007081368,110.800931620253,177.103492077192
"241","160250","0176","Bovine meat and meat offal nes,excluding livers, prepared or preserved","Bov.meat,prpd,prsrvd,nes","020610","01251",0.6,1,"Green",22838.1756094185,18245.6629961771,10364.6836404085,17387.5516810929,9418.89387215403,6764.40870410703,9838.75489323546,8724.62191607689
"242","160250","0176","Bovine meat and meat offal nes,excluding livers, prepared or preserved","Bov.meat,prpd,prsrvd,nes","020610","01251",0.6,1,"Blue",502.401905040107,622.137239374452,797.7653070813,660.252275640611,483.540338391202,436.224197200567,327.48769462529,441.40882851547
"243","160250","0176","Bovine meat and meat offal nes,excluding livers, prepared or preserved","Bov.meat,prpd,prsrvd,nes","020610","01251",0.6,1,"Grey",262.518710415951,494.736030376567,833.894287542425,543.906222023049,239.176424636604,275.362285743141,1375.60989862047,538.260224079351
"244","410110","2112","Bovine skins, whole, raw","Whole bovin.hide<8kg dry","010210","00119",0.06,0.0545530733512751,"Green",8362.12195803127,6680.5887557958,3794.99440497183,6366.39415492142,3448.69663040089,2476.76572442082,3602.42734531223,3194.49126531193
"245","410110","2112","Bovine skins, whole, raw","Whole bovin.hide<8kg dry","010210","00119",0.06,0.0545530733512751,"Blue",183.95278474696,227.793478746025,292.099110970535,241.74917236811,177.046684919413,159.722037364976,119.908528993087,161.620372858323
"246","410110","2112","Bovine skins, whole, raw","Whole bovin.hide<8kg dry","010210","00119",0.06,0.0545530733512751,"Grey",96.1203517437694,181.145950262988,305.327616872323,199.149452218639,87.57365152549,100.822984086207,503.674984187245,197.082188870312
"247","410121","21111","Bovine hides, whole, fresh or wet-salted","Bovine hides,skins,fresh","410130","21112",0.8,1,"Green",10452.6524475391,8350.73594474475,4743.74300621479,7957.99269365177,4310.87078800112,3095.95715552602,4503.03418164028,3993.11408163992
"248","410121","21111","Bovine hides, whole, fresh or wet-salted","Bovine hides,skins,fresh","410130","21112",0.8,1,"Blue",242.4409809337,297.241848432531,377.623888713169,314.686465460137,233.808356149266,212.15254670622,162.385661241359,214.525466072904
"249","410121","21111","Bovine hides, whole, fresh or wet-salted","Bovine hides,skins,fresh","410130","21112",0.8,1,"Grey",120.150439679712,226.432437828736,381.659521090403,248.936815273299,109.467064406862,126.028730107759,629.593730234056,246.352736087891
"250","410122","21111a","Butts and bends, bovine, fresh or wet-salted","Bovine hides,skins,fresh","410130","21112",0.8,1,"Green",10452.6524475391,8350.73594474475,4743.74300621479,7957.99269365177,4310.87078800112,3095.95715552602,4503.03418164028,3993.11408163992
"251","410122","21111a","Butts and bends, bovine, fresh or wet-salted","Bovine hides,skins,fresh","410130","21112",0.8,1,"Blue",242.4409809337,297.241848432531,377.623888713169,314.686465460137,233.808356149266,212.15254670622,162.385661241359,214.525466072904
"252","410122","21111a","Butts and bends, bovine, fresh or wet-salted","Bovine hides,skins,fresh","410130","21112",0.8,1,"Grey",120.150439679712,226.432437828736,381.659521090403,248.936815273299,109.467064406862,126.028730107759,629.593730234056,246.352736087891
"253","410129","21111a","Hide sections, bovine, nes, fresh or wet-salted","Bovine hides,skins,fresh","410130","21112",0.8,1,"Green",10452.6524475391,8350.73594474475,4743.74300621479,7957.99269365177,4310.87078800112,3095.95715552602,4503.03418164028,3993.11408163992
"254","410129","21111a","Hide sections, bovine, nes, fresh or wet-salted","Bovine hides,skins,fresh","410130","21112",0.8,1,"Blue",242.4409809337,297.241848432531,377.623888713169,314.686465460137,233.808356149266,212.15254670622,162.385661241359,214.525466072904
"255","410129","21111a","Hide sections, bovine, nes, fresh or wet-salted","Bovine hides,skins,fresh","410130","21112",0.8,1,"Grey",120.150439679712,226.432437828736,381.659521090403,248.936815273299,109.467064406862,126.028730107759,629.593730234056,246.352736087891
"256","410130","21112","Bovine hides, raw, nes","Bovine hides,skins,other","010210","00119",0.06,0.0545530733512751,"Green",8362.12195803127,6680.5887557958,3794.99440497183,6366.39415492142,3448.69663040089,2476.76572442082,3602.42734531223,3194.49126531193
"257","410130","21112","Bovine hides, raw, nes","Bovine hides,skins,other","010210","00119",0.06,0.0545530733512751,"Blue",183.95278474696,227.793478746025,292.099110970535,241.74917236811,177.046684919413,159.722037364976,119.908528993087,161.620372858323
"258","410130","21112","Bovine hides, raw, nes","Bovine hides,skins,other","010210","00119",0.06,0.0545530733512751,"Grey",96.1203517437694,181.145950262988,305.327616872323,199.149452218639,87.57365152549,100.822984086207,503.674984187245,197.082188870312
"259","410140","21113","Equine hides and skins, raw","Equine hides,skins","010210","00119",0.06,0.112524882095728,"Green",17248.2818949297,13779.8370631744,7827.8137553074,13131.7578946397,7113.51639569407,5108.74555727812,7430.61183151859,6589.17510788891
"260","410140","21113","Equine hides and skins, raw","Equine hides,skins","010210","00119",0.06,0.112524882095728,"Blue",379.433534047605,469.862333383517,602.50350719165,498.648296903435,365.188542499062,329.453545299907,247.331493137664,333.369181293346
"261","410140","21113","Equine hides and skins, raw","Equine hides,skins","010210","00119",0.06,0.112524882095728,"Grey",198.264379667893,373.643966201677,629.789523825697,410.779214693089,180.635374090575,207.964349208838,1038.91430360473,406.515136608369
"262","410210","2116","Sheep or lamb skins, raw, with wool on, nes","Sheep skin,excpt.furskin","010410","00121",0.08,0.0580917173745151,"Green",5174.41564212016,2534.54950560756,1471.30659195869,3106.66688081375,3757.2632817954,2501.6362530234,1883.14269967274,2496.98878780411
"263","410210","2116","Sheep or lamb skins, raw, with wool on, nes","Sheep skin,excpt.furskin","010410","00121",0.08,0.0580917173745151,"Blue",129.13015007524,149.357602416107,247.565447027126,157.600605758377,123.033084532795,189.553428850749,246.480144907099,188.818573609954
"264","410210","2116","Sheep or lamb skins, raw, with wool on, nes","Sheep skin,excpt.furskin","010410","00121",0.08,0.0580917173745151,"Grey",6.63809393887693,21.83623237886,69.1422926628344,24.1762648243657,63.5724304353355,145.986366888132,195.62291274957,139.072134939886
"265","410221","2117","Sheep or lamb skins, pickled, without wool on","Sheep skin without wool","410210","2116",0.95,1,"Green",5446.75330749491,2667.94684800796,1548.74378100915,3270.17566401447,3955.01398083727,2633.301318972,1982.25547333973,2628.40925032012
"266","410221","2117","Sheep or lamb skins, pickled, without wool on","Sheep skin without wool","410210","2116",0.95,1,"Blue",141.189631658147,162.481686753797,265.858365291712,171.158532377239,134.771667929258,204.793083000789,264.715942007473,204.019551168373
"267","410221","2117","Sheep or lamb skins, pickled, without wool on","Sheep skin without wool","410210","2116",0.95,1,"Grey",6.98746730408098,22.9855077672211,72.7813606977204,25.4486998151218,66.9183478266689,153.669859882244,205.918855525863,146.391720989354
"268","410229","2117a","Sheep or lamb skins, raw, o/t pickled, without wool on","Sheep skin without wool","410210","2116",0.95,1,"Green",5446.75330749491,2667.94684800796,1548.74378100915,3270.17566401447,3955.01398083727,2633.301318972,1982.25547333973,2628.40925032012
"269","410229","2117a","Sheep or lamb skins, raw, o/t pickled, without wool on","Sheep skin without wool","410210","2116",0.95,1,"Blue",141.189631658147,162.481686753797,265.858365291712,171.158532377239,134.771667929258,204.793083000789,264.715942007473,204.019551168373
"270","410229","2117a","Sheep or lamb skins, raw, o/t pickled, without wool on","Sheep skin without wool","410210","2116",0.95,1,"Grey",6.98746730408098,22.9855077672211,72.7813606977204,25.4486998151218,66.9183478266689,153.669859882244,205.918855525863,146.391720989354
"271","410310","2114","Goat or kid hides and skins, raw, nes","Goat,kid skin,ex.furskin","010420","00122",0.08,0.12717310951188,"Green",8361.03903419082,4267.57006276051,2143.66314328254,4610.59375312263,0,0,0,0
"272","410310","2114","Goat or kid hides and skins, raw, nes","Goat,kid skin,ex.furskin","010420","00122",0.08,0.12717310951188,"Blue",256.887767057583,284.457541640834,364.329537704686,293.999924933771,0,0,0,0
"273","410310","2114","Goat or kid hides and skins, raw, nes","Goat,kid skin,ex.furskin","010420","00122",0.08,0.12717310951188,"Grey",0.321834426103619,3.29526160828308,16.2747564983949,5.13818083786901,0,0,0,0
"274","410410","6113","Bovine skin leather, whole","Whole bovine skin leathr","410110","2112",0.4,1,"Green",20905.3048950782,16701.4718894895,9487.48601242958,15915.9853873035,8621.74157600223,6191.91431105204,9006.06836328056,7986.22816327984
"275","410410","6113","Bovine skin leather, whole","Whole bovine skin leathr","410110","2112",0.4,1,"Blue",534.881961867399,644.483696865063,805.247777426338,679.372930920274,517.616712298533,474.30509341244,374.771322482718,479.050932145807
"276","410410","6113","Bovine skin leather, whole","Whole bovine skin leathr","410110","2112",0.4,1,"Grey",240.300879359424,452.864875657471,763.319042180807,497.873630546597,218.934128813725,252.057460215517,1259.18746046811,492.705472175781
"277","410421","61141","Bovine leather, vegetable pre-tanned, nes","Oth.bov.,eqn.lthr,tanned","410121","21111",0.5,1,"Green",20905.3048950782,16701.4718894895,9487.48601242958,15915.9853873035,8621.74157600223,6191.91431105204,9006.06836328056,7986.22816327984
"278","410421","61141","Bovine leather, vegetable pre-tanned, nes","Oth.bov.,eqn.lthr,tanned","410121","21111",0.5,1,"Blue",524.881961867399,634.483696865063,795.247777426338,669.372930920274,507.616712298533,464.30509341244,364.771322482718,469.050932145807
"279","410421","61141","Bovine leather, vegetable pre-tanned, nes","Oth.bov.,eqn.lthr,tanned","410121","21111",0.5,1,"Grey",240.300879359424,452.864875657471,763.319042180807,497.873630546597,218.934128813725,252.057460215517,1259.18746046811,492.705472175781
"280","410422","61141a","Bovine leather, otherwise pre-tanned, nes","Oth.bov.,eqn.lthr,tanned","410121","21111",0.5,1,"Green",20905.3048950782,16701.4718894895,9487.48601242958,15915.9853873035,8621.74157600223,6191.91431105204,9006.06836328056,7986.22816327984
"281","410422","61141a","Bovine leather, otherwise pre-tanned, nes","Oth.bov.,eqn.lthr,tanned","410121","21111",0.5,1,"Blue",504.881961867399,614.483696865063,775.247777426338,649.372930920274,487.616712298533,444.30509341244,344.771322482718,449.050932145807
"282","410422","61141a","Bovine leather, otherwise pre-tanned, nes","Oth.bov.,eqn.lthr,tanned","410121","21111",0.5,1,"Grey",240.300879359424,452.864875657471,763.319042180807,497.873630546597,218.934128813725,252.057460215517,1259.18746046811,492.705472175781
"283","410429","61141b","Bovine and equine leather, tanned or retanned, nes","Oth.bov.,eqn.lthr,tanned","410121","21111",0.5,1,"Green",20905.3048950782,16701.4718894895,9487.48601242958,15915.9853873035,8621.74157600223,6191.91431105204,9006.06836328056,7986.22816327984
"284","410429","61141b","Bovine and equine leather, tanned or retanned, nes","Oth.bov.,eqn.lthr,tanned","410121","21111",0.5,1,"Blue",504.881961867399,614.483696865063,775.247777426338,649.372930920274,487.616712298533,444.30509341244,344.771322482718,449.050932145807
"285","410429","61141b","Bovine and equine leather, tanned or retanned, nes","Oth.bov.,eqn.lthr,tanned","410121","21111",0.5,1,"Grey",240.300879359424,452.864875657471,763.319042180807,497.873630546597,218.934128813725,252.057460215517,1259.18746046811,492.705472175781
"286","410431","61142","Bovine and equine leather, full/split grains, nes","Oth.bov.,eqn.lthr,preprd","410121","21111",0.5,1,"Green",20905.3048950782,16701.4718894895,9487.48601242958,15915.9853873035,8621.74157600223,6191.91431105204,9006.06836328056,7986.22816327984
"287","410431","61142","Bovine and equine leather, full/split grains, nes","Oth.bov.,eqn.lthr,preprd","410121","21111",0.5,1,"Blue",544.881961867399,654.483696865063,815.247777426338,689.372930920274,527.616712298533,484.30509341244,384.771322482718,489.050932145807
"288","410431","61142","Bovine and equine leather, full/split grains, nes","Oth.bov.,eqn.lthr,preprd","410121","21111",0.5,1,"Grey",240.300879359424,452.864875657471,763.319042180807,497.873630546597,218.934128813725,252.057460215517,1259.18746046811,492.705472175781
"289","410439","61142a","Bovine and equine leather, nes","Oth.bov.,eqn.lthr,preprd","410140","21111",0.4,1,"Green",43120.7047373243,34449.592657936,19569.5343882685,32829.3947365993,17783.7909892352,12771.8638931953,18576.5295787965,16472.9377697223
"290","410439","61142a","Bovine and equine leather, nes","Oth.bov.,eqn.lthr,preprd","410140","21111",0.4,1,"Blue",1023.58383511901,1249.65583345879,1581.25876797912,1321.62074225859,987.971356247654,898.633863249768,693.32873284416,908.422953233366
"291","410439","61142a","Bovine and equine leather, nes","Oth.bov.,eqn.lthr,preprd","410140","21111",0.4,1,"Grey",495.660949169731,934.109915504194,1574.47380956424,1026.94803673272,451.588435226438,519.910873022095,2597.28575901182,1016.28784152092
"292","410511","61151","Sheep or lamb skin leather, vegetable pre-tanned","Sheepskin leather,tanned","410221","2117",0.9,1,"Green",6051.94811943879,2964.38538667551,1720.8264233435,3633.52851557164,4394.45997870808,2925.89035441333,2202.50608148859,2920.45472257791
"293","410511","61151","Sheep or lamb skin leather, vegetable pre-tanned","Sheepskin leather,tanned","410221","2117",0.9,1,"Blue",179.099590731275,202.757429726441,317.62040587968,212.398369308043,171.968519921398,249.770092223098,316.351046674969,248.910612409303
"294","410511","61151","Sheep or lamb skin leather, vegetable pre-tanned","Sheepskin leather,tanned","410221","2117",0.9,1,"Grey",7.76385256008997,25.5394530746901,80.8681785530226,28.2763331279131,74.3537198074099,170.744288758049,228.79872836207,162.657467765949
"295","410512","61151a","Sheep or lamb skin leather, otherwise pre-tanned","Sheepskin leather,tanned","410221","2117",0.9,1,"Green",6051.94811943879,2964.38538667551,1720.8264233435,3633.52851557164,4394.45997870808,2925.89035441333,2202.50608148859,2920.45472257791
"296","410512","61151a","Sheep or lamb skin leather, otherwise pre-tanned","Sheepskin leather,tanned","410221","2117",0.9,1,"Blue",179.099590731275,202.757429726441,317.62040587968,212.398369308043,171.968519921398,249.770092223098,316.351046674969,248.910612409303
"297","410512","61151a","Sheep or lamb skin leather, otherwise pre-tanned","Sheepskin leather,tanned","410221","2117",0.9,1,"Grey",7.76385256008997,25.5394530746901,80.8681785530226,28.2763331279131,74.3537198074099,170.744288758049,228.79872836207,162.657467765949
"298","410519","61151a","Sheep or lamb skin leather, tanned or retanned, nes","Sheepskin leather,tanned","410221","2117",0.9,1,"Green",6051.94811943879,2964.38538667551,1720.8264233435,3633.52851557164,4394.45997870808,2925.89035441333,2202.50608148859,2920.45472257791
"299","410519","61151a","Sheep or lamb skin leather, tanned or retanned, nes","Sheepskin leather,tanned","410221","2117",0.9,1,"Blue",179.099590731275,202.757429726441,317.62040587968,212.398369308043,171.968519921398,249.770092223098,316.351046674969,248.910612409303
"300","410519","61151a","Sheep or lamb skin leather, tanned or retanned, nes","Sheepskin leather,tanned","410221","2117",0.9,1,"Grey",7.76385256008997,25.5394530746901,80.8681785530226,28.2763331279131,74.3537198074099,170.744288758049,228.79872836207,162.657467765949
"301","410520","61152","Sheep or lamb skin leather, nes","Sheepskin leather,preprd","410221","2117",0.9,1,"Green",6051.94811943879,2964.38538667551,1720.8264233435,3633.52851557164,4394.45997870808,2925.89035441333,2202.50608148859,2920.45472257791
"302","410520","61152","Sheep or lamb skin leather, nes","Sheepskin leather,preprd","410221","2117",0.9,1,"Blue",179.099590731275,202.757429726441,317.62040587968,212.398369308043,171.968519921398,249.770092223098,316.351046674969,248.910612409303
"303","410520","61152","Sheep or lamb skin leather, nes","Sheepskin leather,preprd","410221","2117",0.9,1,"Grey",7.76385256008997,25.5394530746901,80.8681785530226,28.2763331279131,74.3537198074099,170.744288758049,228.79872836207,162.657467765949
"304","410611","61161","Goat or kid skin leather, vegetable pre-tanned","Goatskin leather,tanned","410310","2114",0.9,1,"Green",9290.04337132313,4741.74451417835,2381.8479369806,5122.88194791403,0,0,0,0
"305","410611","61161","Goat or kid skin leather, vegetable pre-tanned","Goatskin leather,tanned","410310","2114",0.9,1,"Blue",307.653074508425,338.286157378705,427.032819671873,348.888805481968,0,0,0,0
"306","410611","61161","Goat or kid skin leather, vegetable pre-tanned","Goatskin leather,tanned","410310","2114",0.9,1,"Grey",0.357593806781799,3.66140178698121,18.0830627759944,5.70908981985446,0,0,0,0
"307","410612","61161a","Goat or kid skin leather, otherwise pre-tanned","Goatskin leather,tanned","410310","2114",0.9,1,"Green",9290.04337132313,4741.74451417835,2381.8479369806,5122.88194791403,0,0,0,0
"308","410612","61161a","Goat or kid skin leather, otherwise pre-tanned","Goatskin leather,tanned","410310","2114",0.9,1,"Blue",307.653074508425,338.286157378705,427.032819671873,348.888805481968,0,0,0,0
"309","410612","61161a","Goat or kid skin leather, otherwise pre-tanned","Goatskin leather,tanned","410310","2114",0.9,1,"Grey",0.357593806781799,3.66140178698121,18.0830627759944,5.70908981985446,0,0,0,0
"310","410619","61161b","Goat or kid skin leather, tanned or retanned, nes","Goatskin leather,tanned","410310","2114",0.9,1,"Green",9290.04337132313,4741.74451417835,2381.8479369806,5122.88194791403,0,0,0,0
"311","410619","61161b","Goat or kid skin leather, tanned or retanned, nes","Goatskin leather,tanned","410310","2114",0.9,1,"Blue",307.653074508425,338.286157378705,427.032819671873,348.888805481968,0,0,0,0
"312","410619","61161b","Goat or kid skin leather, tanned or retanned, nes","Goatskin leather,tanned","410310","2114",0.9,1,"Grey",0.357593806781799,3.66140178698121,18.0830627759944,5.70908981985446,0,0,0,0
"313","410620","61162","Goat or kid skin leather, nes","Goatskin leather,preprd","410310","2114",0.9,1,"Green",9290.04337132313,4741.74451417835,2381.8479369806,5122.88194791403,0,0,0,0
"314","410620","61162","Goat or kid skin leather, nes","Goatskin leather,preprd","410310","2114",0.9,1,"Blue",307.653074508425,338.286157378705,427.032819671873,348.888805481968,0,0,0,0
"315","410620","61162","Goat or kid skin leather, nes","Goatskin leather,preprd","410310","2114",0.9,1,"Grey",0.357593806781799,3.66140178698121,18.0830627759944,5.70908981985446,0,0,0,0
"316","410710","61171","Swine leather, nes","Leather of swine","010310","00131",0.02,0.096847065699201,"Green",24391.4381039147,16238.3069983582,12535.3187404057,15278.3695409864,18822.0888608658,13194.6320714888,8627.52627430733,14198.4026407819
"317","410710","61171","Swine leather, nes","Leather of swine","010310","00131",0.02,0.096847065699201,"Blue",1329.08068551111,1313.63489904759,1466.72514373289,1386.56794470708,861.081009981552,768.429484542095,703.541802504917,787.008687426356
"318","410710","61171","Swine leather, nes","Leather of swine","010310","00131",0.02,0.096847065699201,"Grey",2013.06451144804,1812.59742113725,2127.73728144097,1936.24724360013,3043.93824594779,2301.9885701275,1505.19292726964,2405.89063441248
